Workbook

Sheet RAW
A1: Comparison | B1: Expert 1 | C1: Expert 2 | D1: Expert 3 | E1: Expert 4 | F1: Expert 5 | G1: Geometric mean | H1: Approximate
A2: Technical vs Operational | B2: 5 | C2: 5 | D2: 4 | E2: 3 | F2: 3 | G2: 4
A3: Technical vs Environmental | B3: 6 | C3: 5 | D3: 3 | E3: 3 | F3: 3 | G3: 4
A4: Technical vs Financial | B4: 7 | C4: 6 | D4: 3 | E4: 5 | F4: 4 | G4: 5
A5: Technical vs Regulatory | B5: 7 | C5: 5 | D5: 4 | E5: 5 | F5: 4 | G5: 5
A6: Operational vs Environmental | B6: 3 | C6: 3 | D6: 3 | E6: 3 | F6: 3 | G6: 3
A7: Operational vs Financial | B7: 5 | C7: 3 | D7: 5 | E7: 5 | F7: 5 | G7: 4.6 | H7: 5
A8: Operational vs Regulatory | B8: 3 | C8: 5 | D8: 3 | E8: 3 | F8: 3 | G8: 3.4 | H8: 3
A9: Environmental vs Financial | B9: 3 | C9: 5 | D9: 4 | E9: 5 | F9: 3 | G9: 4 | H9: 4
A10: Environmental vs Regulatory | B10: 3 | C10: 3 | D10: 5 | E10: 3 | F10: 3 | G10: 3.4 | H10: 3
A11: Financial vs Regulatory | B11: 4 | C11: 2 | D11: 2 | E11: 2 | F11: 1 | G11: 2.2 | H11: 2
A15: Criterion | B15: E1-A | C15: E1-B | D15: E1-C | E15: E2-A | F15: E2-B | G15: E2-C | H15: E3-A | I15: E3-B | J15: E3-C | K15: E4-A | L15: E4-B | M15: E4-C | N15: E5-A | O15: E5-B | P15: E5-C
A16: Laboratory Facilities | B16: 5 | C16: 7 | D16: 10 | E16: 5 | F16: 7 | G16: 10 | H16: 5 | I16: 7 | J16: 10 | K16: 5 | L16: 7 | M16: 10 | N16: 5 | O16: 7 | P16: 10
A17: Process Equipment | B17: 3 | C17: 5 | D17: 5 | E17: 3 | F17: 5 | G17: 5 | H17: 3 | I17: 5 | J17: 5 | K17: 3 | L17: 5 | M17: 5 | N17: 3 | O17: 5 | P17: 5
A18: Engineering Software | B18: 10 | C18: 5 | D18: 5 | E18: 10 | F18: 5 | G18: 5 | H18: 10 | I18: 5 | J18: 5 | K18: 10 | L18: 5 | M18: 5 | N18: 10 | O18: 5 | P18: 5
A19: Technical Manpower | B19: 10 | C19: 10 | D19: 10 | E19: 10 | F19: 10 | G19: 10 | H19: 10 | I19: 10 | J19: 10 | K19: 10 | L19: 10 | M19: 10 | N19: 10 | O19: 10 | P19: 10
A20: Process Optimization Capability | B20: 10 | C20: 3 | D20: 4 | E20: 10 | F20: 3 | G20: 4 | H20: 10 | I20: 3 | J20: 4 | K20: 10 | L20: 3 | M20: 4 | N20: 10 | O20: 3 | P20: 4
A21: Infrastructure Availability | B21: 10 | C21: 10 | D21: 10 | E21: 10 | F21: 10 | G21: 10 | H21: 10 | I21: 10 | J21: 10 | K21: 10 | L21: 10 | M21: 10 | N21: 10 | O21: 10 | P21: 10
A22: Maintenance systems | B22: 3 | C22: 5 | D22: 7 | E22: 3 | F22: 5 | G22: 7 | H22: 3 | I22: 5 | J22: 7 | K22: 3 | L22: 5 | M22: 7 | N22: 3 | O22: 5 | P22: 7
A23: Industrial Utilities | B23: 3 | C23: 5 | D23: 7 | E23: 3 | F23: 5 | G23: 7 | H23: 3 | I23: 5 | J23: 7 | K23: 3 | L23: 5 | M23: 7 | N23: 3 | O23: 5 | P23: 7
A24: Environmental Compliance | B24: 3 | C24: 8 | D24: 8 | E24: 3 | F24: 8 | G24: 8 | H24: 3 | I24: 8 | J24: 8 | K24: 3 | L24: 8 | M24: 8 | N24: 3 | O24: 8 | P24: 8
A25: Waste Management Capability | B25: 3 | C25: 10 | D25: 5 | E25: 3 | F25: 10 | G25: 5 | H25: 3 | I25: 10 | J25: 5 | K25: 3 | L25: 10 | M25: 5 | N25: 3 | O25: 10 | P25: 5
A26: HAZOP/HAZID Capability | B26: 10 | C26: 6 | D26: 6 | E26: 10 | F26: 6 | G26: 6 | H26: 10 | I26: 6 | J26: 6 | K26: 10 | L26: 6 | M26: 6 | N26: 10 | O26: 6 | P26: 6
A27: Safety Management Systems | B27: 6 | C27: 8 | D27: 8 | E27: 6 | F27: 8 | G27: 8 | H27: 6 | I27: 8 | J27: 8 | K27: 6 | L27: 8 | M27: 8 | N27: 6 | O27: 8 | P27: 8
A28: Equipment Cost | B28: - | C28: - | D28: - | E28: - | F28: - | G28: - | H28: - | I28: - | J28: - | K28: - | L28: - | M28: - | N28: - | O28: - | P28: -
A29: Setup Cost | B29: - | C29: - | D29: - | E29: - | F29: - | G29: - | H29: - | I29: - | J29: - | K29: - | L29: - | M29: - | N29: - | O29: - | P29: -
A30: Operating cost | B30: - | C30: - | D30: - | E30: - | F30: - | G30: - | H30: - | I30: - | J30: - | K30: - | L30: - | M30: - | N30: - | O30: - | P30: -
A31: Maintenance Cost | B31: - | C31: - | D31: - | E31: - | F31: - | G31: - | H31: - | I31: - | J31: - | K31: - | L31: - | M31: - | N31: - | O31: - | P31: -
A32: NUPRC Compliance | B32: 5 | C32: 5 | D32: 5 | E32: 5 | F32: 5 | G32: 5 | H32: 5 | I32: 5 | J32: 5 | K32: 5 | L32: 5 | M32: 5 | N32: 5 | O32: 5 | P32: 5
A33: NMDPRA compliance
A34: NOSDRA compliance
A35: Laboratory Certification | B35: 1 | C35: 4 | D35: 10 | E35: 1 | F35: 4 | G35: 10 | H35: 1 | I35: 4 | J35: 10 | K35: 1 | L35: 4 | M35: 10 | N35: 1 | O35: 4 | P35: 10
A36: Environmental Permits | B36: 3 | C36: 10 | D36: 7 | E36: 3 | F36: 10 | G36: 7 | H36: 3 | I36: 10 | J36: 7 | K36: 3 | L36: 10 | M36: 7 | N36: 3 | O36: 10 | P36: 7

Sheet AHP PAIRWISE
B1: Technical | C1: Operational | D1: Environmental | E1: Financial | F1: Regulatory
A2: Technical | B2: 1 | C2: 4 | D2: 4 | E2: 5 | F2: 5
A3: Operational | B3: 0.25 | C3: 1 | D3: 3 | E3: 5 | F3: 4
A4: Environmental | B4: 0.25 | C4: 0.33333333 | D4: 1 | E4: 4 | F4: 3
A5: Financial | B5: 0.2 | C5: 0.2 | D5: 0.25 | E5: 1 | F5: 2
A6: Regulatory | B6: 0.2 | C6: 0.25 | D6: 0.33333333 | E6: 0.5 | F6: 1

Sheet CONSISTENCY CHECK
B1: Technical | C1: Operational | D1: Environmental | E1: Financial | F1: Regulatory
A2: Technical | B2: ='AHP PAIRWISE'!B2 | C2: ='AHP PAIRWISE'!C2 | D2: ='AHP PAIRWISE'!D2 | E2: ='AHP PAIRWISE'!E2 | F2: ='AHP PAIRWISE'!F2
A3: Operational | B3: ='AHP PAIRWISE'!B3 | C3: ='AHP PAIRWISE'!C3 | D3: ='AHP PAIRWISE'!D3 | E3: ='AHP PAIRWISE'!E3 | F3: ='AHP PAIRWISE'!F3
A4: Environmental | B4: ='AHP PAIRWISE'!B4 | C4: ='AHP PAIRWISE'!C4 | D4: ='AHP PAIRWISE'!D4 | E4: ='AHP PAIRWISE'!E4 | F4: ='AHP PAIRWISE'!F4
A5: Financial | B5: ='AHP PAIRWISE'!B5 | C5: ='AHP PAIRWISE'!C5 | D5: ='AHP PAIRWISE'!D5 | E5: ='AHP PAIRWISE'!E5 | F5: ='AHP PAIRWISE'!F5
A6: Regulatory | B6: ='AHP PAIRWISE'!B6 | C6: ='AHP PAIRWISE'!C6 | D6: ='AHP PAIRWISE'!D6 | E6: ='AHP PAIRWISE'!E6 | F6: ='AHP PAIRWISE'!F6
A7: TOTAL | B7: =SUM(B2:B6) | C7: =SUM(C2:C6) | D7: =SUM(D2:D6) | E7: =SUM(E2:E6) | F7: =SUM(F2:F6)
A10: NORMALIZED COLUMN
B11: Technical | C11: Operational | D11: Environmental | E11: Financial | F11: Regulatory
A12: Technical | B12: =B2/B$7 | C12: =C2/C$7 | D12: =D2/D$7 | E12: =E2/E$7 | F12: =F2/F$7
A13: Operational | B13: =B3/B$7 | C13: =C3/C$7 | D13: =D3/D$7 | E13: =E3/E$7 | F13: =F3/F$7
A14: Environmental | B14: =B4/B$7 | C14: =C4/C$7 | D14: =D4/D$7 | E14: =E4/E$7 | F14: =F4/F$7
A15: Financial | B15: =B5/B$7 | C15: =C5/C$7 | D15: =D5/D$7 | E15: =E5/E$7 | F15: =F5/F$7
A16: Regulatory | B16: =B6/B$7 | C16: =C6/C$7 | D16: =D6/D$7 | E16: =E6/E$7 | F16: =F6/F$7
A18: CRITERION | B18: PRIORITY WEIGHT (EIGENVECTOR) | C18: WEIGHTED SUM | D18: LAMBDA
A19: Technical | B19: =AVERAGE(B12:F12) | C19: =B2*$B$19+C2*$B$20+D2*$B$21+E2*$B$22+F2*$B$23 | D19: =C19/B19
A20: Operational | B20: =AVERAGE(B13:F13) | C20: =B3*$B$19+C3*$B$20+D3*$B$21+E3*$B$22+F3*$B$23 | D20: =C20/B20
A21: Environmental | B21: =AVERAGE(B14:F14) | C21: =B4*$B$19+C4*$B$20+D4*$B$21+E4*$B$22+F4*$B$23 | D21: =C21/B21
A22: Financial | B22: =AVERAGE(B15:F15) | C22: =B5*$B$19+C5*$B$20+D5*$B$21+E5*$B$22+F5*$B$23 | D22: =C22/B22
A23: Regulatory | B23: =AVERAGE(B16:F16) | C23: =B6*$B$19+C6*$B$20+D6*$B$21+E6*$B$22+F6*$B$23 | D23: =C23/B23
A24: SUM WEIGHTS | B24: =SUM(B19:B23)
A27: CONSISTENCY CHECK VALUE
A28: Number Of Criteria (n) | B28: 5
A29: Lambda max | B29: =AVERAGE(D19:D23)
A30: Consistency Index (CI) | B30: =(B29-B28)/(B28-1)
A31: Random Index (RI) | B31: 1.12
A32: Consistency Ratio (CR) | B32: =B30/B31
A33: Decision | B33: =IF(B32<=0.1,"CONSISTENT","INCONSISTENT")

Sheet CHATBOT_INPUT
A1: Criterion | B1: Type | C1: Process Optimization-Focused Firm | D1: Environmental Compliance-Focused Firm | E1: Laboratory Testing-Focused Firm | G1: CHATBOT INPUT
A2: Laboratory Facilities | B2: benefit | C2: 5 | D2: 7 | E2: 10 | G2: Node.js writes alternative names to C1:E1 and values to C2:E23.
A3: Process Equipment | B3: benefit | C3: 3 | D3: 5 | E3: 5 | G3: Technical, operational and environmental/regulatory criteria use performance scores.
A4: Engineering Software | B4: benefit | C4: 10 | D4: 5 | E4: 5 | G4: Financial criteria use actual Naira cost figures, not 1-10 scores.
A5: Technical Manpower | B5: benefit | C5: 10 | D5: 10 | E5: 10 | G5: Cost criteria: Equipment Cost, Setup Cost, Operating Cost, Maintenance Cost.
A6: Process Optimization Capability | B6: benefit | C6: 10 | D6: 3 | E6: 4 | G6: Regulatory criteria are benefit criteria: higher compliance/certification/permit readiness is better.
A7: Infrastructure Availability | B7: benefit | C7: 10 | D7: 10 | E7: 10 | G7: New regulatory sample inputs are initialized to 5/10 placeholders and should be replaced with assessed values.
A8: Maintenance Systems | B8: benefit | C8: 3 | D8: 5 | E8: 7
A9: Industrial Utilities | B9: benefit | C9: 3 | D9: 5 | E9: 7
A10: Environmental Compliance | B10: benefit | C10: 3 | D10: 8 | E10: 8
A11: Waste Management Capability | B11: benefit | C11: 3 | D11: 10 | E11: 5
A12: HAZOP/HAZID Capability | B12: benefit | C12: 10 | D12: 6 | E12: 6
A13: Safety Management Systems | B13: benefit | C13: 6 | D13: 8 | E13: 8
A14: Equipment Cost | B14: cost | C14: 6958400 | D14: 5707998 | E14: 11497351
A15: Setup Cost | B15: cost | C15: 76907333 | D15: 66857053 | E15: 84101929
A16: Operating Cost | B16: cost | C16: 57280000 | D16: 48798880 | E16: 56380000
A17: Maintenance Cost | B17: cost | C17: 1800000 | D17: 1800000 | E17: 1800000
A18: NUPRC Compliance | B18: benefit | C18: 5 | D18: 5 | E18: 5
A19: NMDPRA Compliance | B19: benefit | C19: 5 | D19: 5 | E19: 5
... A23: Environmental Permits | B23: benefit | C23: 3 | D23: 10 | E23: 7

Sheet DECISION MATRIX
A1: Criterion | B1: ALTERNATIVE A | C1: ALTERNATIVE B | D1: ALTERNATIVE C | E1: Type
A2: =CHATBOT_INPUT!A2 | B2: =CHATBOT_INPUT!C2 | C2: =CHATBOT_INPUT!D2 | D2: =CHATBOT_INPUT!E2 | E2: =CHATBOT_INPUT!B2
A3: =CHATBOT_INPUT!A3 | B3: =CHATBOT_INPUT!C3 | C3: =CHATBOT_INPUT!D3 | D3: =CHATBOT_INPUT!E3 | E3: =CHATBOT_INPUT!B3
A4: =CHATBOT_INPUT!A4 | B4: =CHATBOT_INPUT!C4 | C4: =CHATBOT_INPUT!D4 | D4: =CHATBOT_INPUT!E4 | E4: =CHATBOT_INPUT!B4
A5: =CHATBOT_INPUT!A5 | B5: =CHATBOT_INPUT!C5 | C5: =CHATBOT_INPUT!D5 | D5: =CHATBOT_INPUT!E5 | E5: =CHATBOT_INPUT!B5
A6: =CHATBOT_INPUT!A6 | B6: =CHATBOT_INPUT!C6 | C6: =CHATBOT_INPUT!D6 | D6: =CHATBOT_INPUT!E6 | E6: =CHATBOT_INPUT!B6
A7: =CHATBOT_INPUT!A7 | B7: =CHATBOT_INPUT!C7 | C7: =CHATBOT_INPUT!D7 | D7: =CHATBOT_INPUT!E7 | E7: =CHATBOT_INPUT!B7
A8: =CHATBOT_INPUT!A8 | B8: =CHATBOT_INPUT!C8 | C8: =CHATBOT_INPUT!D8 | D8: =CHATBOT_INPUT!E8 | E8: =CHATBOT_INPUT!B8
A9: =CHATBOT_INPUT!A9 | B9: =CHATBOT_INPUT!C9 | C9: =CHATBOT_INPUT!D9 | D9: =CHATBOT_INPUT!E9 | E9: =CHATBOT_INPUT!B9
A10: =CHATBOT_INPUT!A10 | B10: =CHATBOT_INPUT!C10 | C10: =CHATBOT_INPUT!D10 | D10: =CHATBOT_INPUT!E10 | E10: =CHATBOT_INPUT!B10
A11: =CHATBOT_INPUT!A11 | B11: =CHATBOT_INPUT!C11 | C11: =CHATBOT_INPUT!D11 | D11: =CHATBOT_INPUT!E11 | E11: =CHATBOT_INPUT!B11
A12: =CHATBOT_INPUT!A12 | B12: =CHATBOT_INPUT!C12 | C12: =CHATBOT_INPUT!D12 | D12: =CHATBOT_INPUT!E12 | E12: =CHATBOT_INPUT!B12
A13: =CHATBOT_INPUT!A13 | B13: =CHATBOT_INPUT!C13 | C13: =CHATBOT_INPUT!D13 | D13: =CHATBOT_INPUT!E13 | E13: =CHATBOT_INPUT!B13
... A23: =CHATBOT_INPUT!A23 | B23: =CHATBOT_INPUT!C23 | C23: =CHATBOT_INPUT!D23 | D23: =CHATBOT_INPUT!E23 | E23: =CHATBOT_INPUT!B23

Sheet NORMALIZED DECISION MATRIX
A1: Criterion | B1: ALTERNATIVE A | C1: ALTERNATIVE B | D1: ALTERNATIVE C | E1: DENOMINATOR | F1: NORMALIZED A | G1: NORMALIZED B | H1: NORMALIZED C | I1: MAIN CRITERION WEIGHT | J1: GLOBAL SUBCRITERION WEIGHT
A2: ='DECISION MATRIX'!A2 | B2: ='DECISION MATRIX'!B2 | C2: ='DECISION MATRIX'!C2 | D2: ='DECISION MATRIX'!D2 | E2: =SQRT(B2^2+C2^2+D2^2) | F2: =B2/E2 | G2: =C2/E2 | H2: =D2/E2 | I2: ='CONSISTENCY CHECK'!B19 | J2: =I2/5
A3: ='DECISION MATRIX'!A3 | B3: ='DECISION MATRIX'!B3 | C3: ='DECISION MATRIX'!C3 | D3: ='DECISION MATRIX'!D3 | E3: =SQRT(B3^2+C3^2+D3^2) | F3: =B3/E3 | G3: =C3/E3 | H3: =D3/E3 | I3: ='CONSISTENCY CHECK'!B19 | J3: =I3/5
A4: ='DECISION MATRIX'!A4 | B4: ='DECISION MATRIX'!B4 | C4: ='DECISION MATRIX'!C4 | D4: ='DECISION MATRIX'!D4 | E4: =SQRT(B4^2+C4^2+D4^2) | F4: =B4/E4 | G4: =C4/E4 | H4: =D4/E4 | I4: ='CONSISTENCY CHECK'!B19 | J4: =I4/5
A5: ='DECISION MATRIX'!A5 | B5: ='DECISION MATRIX'!B5 | C5: ='DECISION MATRIX'!C5 | D5: ='DECISION MATRIX'!D5 | E5: =SQRT(B5^2+C5^2+D5^2) | F5: =B5/E5 | G5: =C5/E5 | H5: =D5/E5 | I5: ='CONSISTENCY CHECK'!B19 | J5: =I5/5
A6: ='DECISION MATRIX'!A6 | B6: ='DECISION MATRIX'!B6 | C6: ='DECISION MATRIX'!C6 | D6: ='DECISION MATRIX'!D6 | E6: =SQRT(B6^2+C6^2+D6^2) | F6: =B6/E6 | G6: =C6/E6 | H6: =D6/E6 | I6: ='CONSISTENCY CHECK'!B19 | J6: =I6/5
A7: ='DECISION MATRIX'!A7 | B7: ='DECISION MATRIX'!B7 | C7: ='DECISION MATRIX'!C7 | D7: ='DECISION MATRIX'!D7 | E7: =SQRT(B7^2+C7^2+D7^2) | F7: =B7/E7 | G7: =C7/E7 | H7: =D7/E7 | I7: ='CONSISTENCY CHECK'!B20 | J7: =I7/3
A8: ='DECISION MATRIX'!A8 | B8: ='DECISION MATRIX'!B8 | C8: ='DECISION MATRIX'!C8 | D8: ='DECISION MATRIX'!D8 | E8: =SQRT(B8^2+C8^2+D8^2) | F8: =B8/E8 | G8: =C8/E8 | H8: =D8/E8 | I8: ='CONSISTENCY CHECK'!B20 | J8: =I8/3
A9: ='DECISION MATRIX'!A9 | B9: ='DECISION MATRIX'!B9 | C9: ='DECISION MATRIX'!C9 | D9: ='DECISION MATRIX'!D9 | E9: =SQRT(B9^2+C9^2+D9^2) | F9: =B9/E9 | G9: =C9/E9 | H9: =D9/E9 | I9: ='CONSISTENCY CHECK'!B20 | J9: =I9/3
A10: ='DECISION MATRIX'!A10 | B10: ='DECISION MATRIX'!B10 | C10: ='DECISION MATRIX'!C10 | D10: ='DECISION MATRIX'!D10 | E10: =SQRT(B10^2+C10^2+D10^2) | F10: =B10/E10 | G10: =C10/E10 | H10: =D10/E10 | I10: ='CONSISTENCY CHECK'!B21 | J10: =I10/4
A11: ='DECISION MATRIX'!A11 | B11: ='DECISION MATRIX'!B11 | C11: ='DECISION MATRIX'!C11 | D11: ='DECISION MATRIX'!D11 | E11: =SQRT(B11^2+C11^2+D11^2) | F11: =B11/E11 | G11: =C11/E11 | H11: =D11/E11 | I11: ='CONSISTENCY CHECK'!B21 | J11: =I11/4
A12: ='DECISION MATRIX'!A12 | B12: ='DECISION MATRIX'!B12 | C12: ='DECISION MATRIX'!C12 | D12: ='DECISION MATRIX'!D12 | E12: =SQRT(B12^2+C12^2+D12^2) | F12: =B12/E12 | G12: =C12/E12 | H12: =D12/E12 | I12: ='CONSISTENCY CHECK'!B21 | J12: =I12/4
A13: ='DECISION MATRIX'!A13 | B13: ='DECISION MATRIX'!B13 | C13: ='DECISION MATRIX'!C13 | D13: ='DECISION MATRIX'!D13 | E13: =SQRT(B13^2+C13^2+D13^2) | F13: =B13/E13 | G13: =C13/E13 | H13: =D13/E13 | I13: ='CONSISTENCY CHECK'!B21 | J13: =I13/4
A14: ='DECISION MATRIX'!A14 | B14: ='DECISION MATRIX'!B14 | C14: ='DECISION MATRIX'!C14 | D14: ='DECISION MATRIX'!D14 | E14: =SQRT(B14^2+C14^2+D14^2) | F14: =B14/E14 | G14: =C14/E14 | H14: =D14/E14 | I14: ='CONSISTENCY CHECK'!B22 | J14: =I14/4
A15: ='DECISION MATRIX'!A15 | B15: ='DECISION MATRIX'!B15 | C15: ='DECISION MATRIX'!C15 | D15: ='DECISION MATRIX'!D15 | E15: =SQRT(B15^2+C15^2+D15^2) | F15: =B15/E15 | G15: =C15/E15 | H15: =D15/E15 | I15: ='CONSISTENCY CHECK'!B22 | J15: =I15/4
A16: ='DECISION MATRIX'!A16 | B16: ='DECISION MATRIX'!B16 | C16: ='DECISION MATRIX'!C16 | D16: ='DECISION MATRIX'!D16 | E16: =SQRT(B16^2+C16^2+D16^2) | F16: =B16/E16 | G16: =C16/E16 | H16: =D16/E16 | I16: ='CONSISTENCY CHECK'!B22 | J16: =I16/4
A17: ='DECISION MATRIX'!A17 | B17: ='DECISION MATRIX'!B17 | C17: ='DECISION MATRIX'!C17 | D17: ='DECISION MATRIX'!D17 | E17: =SQRT(B17^2+C17^2+D17^2) | F17: =B17/E17 | G17: =C17/E17 | H17: =D17/E17 | I17: ='CONSISTENCY CHECK'!B22 | J17: =I17/4
A18: ='DECISION MATRIX'!A18 | B18: ='DECISION MATRIX'!B18 | C18: ='DECISION MATRIX'!C18 | D18: ='DECISION MATRIX'!D18 | E18: =SQRT(B18^2+C18^2+D18^2) | F18: =B18/E18 | G18: =C18/E18 | H18: =D18/E18 | I18: ='CONSISTENCY CHECK'!B23 | J18: =I18/6
A19: ='DECISION MATRIX'!A19 | B19: ='DECISION MATRIX'!B19 | C19: ='DECISION MATRIX'!C19 | D19: ='DECISION MATRIX'!D19 | E19: =SQRT(B19^2+C19^2+D19^2) | F19: =B19/E19 | G19: =C19/E19 | H19: =D19/E19 | I19: ='CONSISTENCY CHECK'!B23 | J19: =I19/6
A20: ='DECISION MATRIX'!A20 | B20: ='DECISION MATRIX'!B20 | C20: ='DECISION MATRIX'!C20 | D20: ='DECISION MATRIX'!D20 | E20: =SQRT(B20^2+C20^2+D20^2) | F20: =B20/E20 | G20: =C20/E20 | H20: =D20/E20 | I20: ='CONSISTENCY CHECK'!B23 | J20: =I20/6
A21: ='DECISION MATRIX'!A21 | B21: ='DECISION MATRIX'!B21 | C21: ='DECISION MATRIX'!C21 | D21: ='DECISION MATRIX'!D21 | E21: =SQRT(B21^2+C21^2+D21^2) | F21: =B21/E21 | G21: =C21/E21 | H21: =D21/E21 | I21: ='CONSISTENCY CHECK'!B23 | J21: =I21/6
A22: ='DECISION MATRIX'!A22 | B22: ='DECISION MATRIX'!B22 | C22: ='DECISION MATRIX'!C22 | D22: ='DECISION MATRIX'!D22 | E22: =SQRT(B22^2+C22^2+D22^2) | F22: =B22/E22 | G22: =C22/E22 | H22: =D22/E22 | I22: ='CONSISTENCY CHECK'!B23 | J22: =I22/6
A23: ='DECISION MATRIX'!A23 | B23: ='DECISION MATRIX'!B23 | C23: ='DECISION MATRIX'!C23 | D23: ='DECISION MATRIX'!D23 | E23: =SQRT(B23^2+C23^2+D23^2) | F23: =B23/E23 | G23: =C23/E23 | H23: =D23/E23 | I23: ='CONSISTENCY CHECK'!B23 | J23: =I23/6

Sheet WEIGHTED NORMALISED MATRIX
A1: Criterion | B1: GLOBAL WEIGHT | C1: NORMALISED A | D1: NORMALISED B | E1: NORMALISED C | F1: WEIGHTED A | G1: WEIGHTED B | H1: WEIGHTED C
A2: ='NORMALIZED DECISION MATRIX'!A2 | B2: ='NORMALIZED DECISION MATRIX'!J2 | C2: ='NORMALIZED DECISION MATRIX'!F2 | D2: ='NORMALIZED DECISION MATRIX'!G2 | E2: ='NORMALIZED DECISION MATRIX'!H2 | F2: =B2*C2 | G2: =B2*D2 | H2: =B2*E2
A3: ='NORMALIZED DECISION MATRIX'!A3 | B3: ='NORMALIZED DECISION MATRIX'!J3 | C3: ='NORMALIZED DECISION MATRIX'!F3 | D3: ='NORMALIZED DECISION MATRIX'!G3 | E3: ='NORMALIZED DECISION MATRIX'!H3 | F3: =B3*C3 | G3: =B3*D3 | H3: =B3*E3
A4: ='NORMALIZED DECISION MATRIX'!A4 | B4: ='NORMALIZED DECISION MATRIX'!J4 | C4: ='NORMALIZED DECISION MATRIX'!F4 | D4: ='NORMALIZED DECISION MATRIX'!G4 | E4: ='NORMALIZED DECISION MATRIX'!H4 | F4: =B4*C4 | G4: =B4*D4 | H4: =B4*E4
A5: ='NORMALIZED DECISION MATRIX'!A5 | B5: ='NORMALIZED DECISION MATRIX'!J5 | C5: ='NORMALIZED DECISION MATRIX'!F5 | D5: ='NORMALIZED DECISION MATRIX'!G5 | E5: ='NORMALIZED DECISION MATRIX'!H5 | F5: =B5*C5 | G5: =B5*D5 | H5: =B5*E5
A6: ='NORMALIZED DECISION MATRIX'!A6 | B6: ='NORMALIZED DECISION MATRIX'!J6 | C6: ='NORMALIZED DECISION MATRIX'!F6 | D6: ='NORMALIZED DECISION MATRIX'!G6 | E6: ='NORMALIZED DECISION MATRIX'!H6 | F6: =B6*C6 | G6: =B6*D6 | H6: =B6*E6
A7: ='NORMALIZED DECISION MATRIX'!A7 | B7: ='NORMALIZED DECISION MATRIX'!J7 | C7: ='NORMALIZED DECISION MATRIX'!F7 | D7: ='NORMALIZED DECISION MATRIX'!G7 | E7: ='NORMALIZED DECISION MATRIX'!H7 | F7: =B7*C7 | G7: =B7*D7 | H7: =B7*E7
A8: ='NORMALIZED DECISION MATRIX'!A8 | B8: ='NORMALIZED DECISION MATRIX'!J8 | C8: ='NORMALIZED DECISION MATRIX'!F8 | D8: ='NORMALIZED DECISION MATRIX'!G8 | E8: ='NORMALIZED DECISION MATRIX'!H8 | F8: =B8*C8 | G8: =B8*D8 | H8: =B8*E8
A9: ='NORMALIZED DECISION MATRIX'!A9 | B9: ='NORMALIZED DECISION MATRIX'!J9 | C9: ='NORMALIZED DECISION MATRIX'!F9 | D9: ='NORMALIZED DECISION MATRIX'!G9 | E9: ='NORMALIZED DECISION MATRIX'!H9 | F9: =B9*C9 | G9: =B9*D9 | H9: =B9*E9
A10: ='NORMALIZED DECISION MATRIX'!A10 | B10: ='NORMALIZED DECISION MATRIX'!J10 | C10: ='NORMALIZED DECISION MATRIX'!F10 | D10: ='NORMALIZED DECISION MATRIX'!G10 | E10: ='NORMALIZED DECISION MATRIX'!H10 | F10: =B10*C10 | G10: =B10*D10 | H10: =B10*E10
A11: ='NORMALIZED DECISION MATRIX'!A11 | B11: ='NORMALIZED DECISION MATRIX'!J11 | C11: ='NORMALIZED DECISION MATRIX'!F11 | D11: ='NORMALIZED DECISION MATRIX'!G11 | E11: ='NORMALIZED DECISION MATRIX'!H11 | F11: =B11*C11 | G11: =B11*D11 | H11: =B11*E11
A12: ='NORMALIZED DECISION MATRIX'!A12 | B12: ='NORMALIZED DECISION MATRIX'!J12 | C12: ='NORMALIZED DECISION MATRIX'!F12 | D12: ='NORMALIZED DECISION MATRIX'!G12 | E12: ='NORMALIZED DECISION MATRIX'!H12 | F12: =B12*C12 | G12: =B12*D12 | H12: =B12*E12
A13: ='NORMALIZED DECISION MATRIX'!A13 | B13: ='NORMALIZED DECISION MATRIX'!J13 | C13: ='NORMALIZED DECISION MATRIX'!F13 | D13: ='NORMALIZED DECISION MATRIX'!G13 | E13: ='NORMALIZED DECISION MATRIX'!H13 | F13: =B13*C13 | G13: =B13*D13 | H13: =B13*E13
... A23: ='NORMALIZED DECISION MATRIX'!A23 | B23: ='NORMALIZED DECISION MATRIX'!J23 | C23: ='NORMALIZED DECISION MATRIX'!F23 | D23: ='NORMALIZED DECISION MATRIX'!G23 | E23: ='NORMALIZED DECISION MATRIX'!H23 | F23: =B23*C23 | G23: =B23*D23 | H23: =B23*E23

Sheet IDEAL SOLUTION
A1: Criterion | B1: Type | C1: WEIGHTED A | D1: WEIGHTED B | E1: WEIGHTED C | F1: POSITIVE IDEAL (A+) | G1: NEGATIVE IDEAL (A-)
A2: ='WEIGHTED NORMALISED MATRIX'!A2 | B2: ='CHATBOT_INPUT'!B2 | C2: ='WEIGHTED NORMALISED MATRIX'!F2 | D2: ='WEIGHTED NORMALISED MATRIX'!G2 | E2: ='WEIGHTED NORMALISED MATRIX'!H2 | F2: =IF(B2="cost",MIN(C2:E2),MAX(C2:E2)) | G2: =IF(B2="cost",MAX(C2:E2),MIN(C2:E2))
A3: ='WEIGHTED NORMALISED MATRIX'!A3 | B3: ='CHATBOT_INPUT'!B3 | C3: ='WEIGHTED NORMALISED MATRIX'!F3 | D3: ='WEIGHTED NORMALISED MATRIX'!G3 | E3: ='WEIGHTED NORMALISED MATRIX'!H3 | F3: =IF(B3="cost",MIN(C3:E3),MAX(C3:E3)) | G3: =IF(B3="cost",MAX(C3:E3),MIN(C3:E3))
A4: ='WEIGHTED NORMALISED MATRIX'!A4 | B4: ='CHATBOT_INPUT'!B4 | C4: ='WEIGHTED NORMALISED MATRIX'!F4 | D4: ='WEIGHTED NORMALISED MATRIX'!G4 | E4: ='WEIGHTED NORMALISED MATRIX'!H4 | F4: =IF(B4="cost",MIN(C4:E4),MAX(C4:E4)) | G4: =IF(B4="cost",MAX(C4:E4),MIN(C4:E4))
A5: ='WEIGHTED NORMALISED MATRIX'!A5 | B5: ='CHATBOT_INPUT'!B5 | C5: ='WEIGHTED NORMALISED MATRIX'!F5 | D5: ='WEIGHTED NORMALISED MATRIX'!G5 | E5: ='WEIGHTED NORMALISED MATRIX'!H5 | F5: =IF(B5="cost",MIN(C5:E5),MAX(C5:E5)) | G5: =IF(B5="cost",MAX(C5:E5),MIN(C5:E5))
A6: ='WEIGHTED NORMALISED MATRIX'!A6 | B6: ='CHATBOT_INPUT'!B6 | C6: ='WEIGHTED NORMALISED MATRIX'!F6 | D6: ='WEIGHTED NORMALISED MATRIX'!G6 | E6: ='WEIGHTED NORMALISED MATRIX'!H6 | F6: =IF(B6="cost",MIN(C6:E6),MAX(C6:E6)) | G6: =IF(B6="cost",MAX(C6:E6),MIN(C6:E6))
A7: ='WEIGHTED NORMALISED MATRIX'!A7 | B7: ='CHATBOT_INPUT'!B7 | C7: ='WEIGHTED NORMALISED MATRIX'!F7 | D7: ='WEIGHTED NORMALISED MATRIX'!G7 | E7: ='WEIGHTED NORMALISED MATRIX'!H7 | F7: =IF(B7="cost",MIN(C7:E7),MAX(C7:E7)) | G7: =IF(B7="cost",MAX(C7:E7),MIN(C7:E7))
A8: ='WEIGHTED NORMALISED MATRIX'!A8 | B8: ='CHATBOT_INPUT'!B8 | C8: ='WEIGHTED NORMALISED MATRIX'!F8 | D8: ='WEIGHTED NORMALISED MATRIX'!G8 | E8: ='WEIGHTED NORMALISED MATRIX'!H8 | F8: =IF(B8="cost",MIN(C8:E8),MAX(C8:E8)) | G8: =IF(B8="cost",MAX(C8:E8),MIN(C8:E8))
A9: ='WEIGHTED NORMALISED MATRIX'!A9 | B9: ='CHATBOT_INPUT'!B9 | C9: ='WEIGHTED NORMALISED MATRIX'!F9 | D9: ='WEIGHTED NORMALISED MATRIX'!G9 | E9: ='WEIGHTED NORMALISED MATRIX'!H9 | F9: =IF(B9="cost",MIN(C9:E9),MAX(C9:E9)) | G9: =IF(B9="cost",MAX(C9:E9),MIN(C9:E9))
A10: ='WEIGHTED NORMALISED MATRIX'!A10 | B10: ='CHATBOT_INPUT'!B10 | C10: ='WEIGHTED NORMALISED MATRIX'!F10 | D10: ='WEIGHTED NORMALISED MATRIX'!G10 | E10: ='WEIGHTED NORMALISED MATRIX'!H10 | F10: =IF(B10="cost",MIN(C10:E10),MAX(C10:E10)) | G10: =IF(B10="cost",MAX(C10:E10),MIN(C10:E10))
A11: ='WEIGHTED NORMALISED MATRIX'!A11 | B11: ='CHATBOT_INPUT'!B11 | C11: ='WEIGHTED NORMALISED MATRIX'!F11 | D11: ='WEIGHTED NORMALISED MATRIX'!G11 | E11: ='WEIGHTED NORMALISED MATRIX'!H11 | F11: =IF(B11="cost",MIN(C11:E11),MAX(C11:E11)) | G11: =IF(B11="cost",MAX(C11:E11),MIN(C11:E11))
A12: ='WEIGHTED NORMALISED MATRIX'!A12 | B12: ='CHATBOT_INPUT'!B12 | C12: ='WEIGHTED NORMALISED MATRIX'!F12 | D12: ='WEIGHTED NORMALISED MATRIX'!G12 | E12: ='WEIGHTED NORMALISED MATRIX'!H12 | F12: =IF(B12="cost",MIN(C12:E12),MAX(C12:E12)) | G12: =IF(B12="cost",MAX(C12:E12),MIN(C12:E12))
A13: ='WEIGHTED NORMALISED MATRIX'!A13 | B13: ='CHATBOT_INPUT'!B13 | C13: ='WEIGHTED NORMALISED MATRIX'!F13 | D13: ='WEIGHTED NORMALISED MATRIX'!G13 | E13: ='WEIGHTED NORMALISED MATRIX'!H13 | F13: =IF(B13="cost",MIN(C13:E13),MAX(C13:E13)) | G13: =IF(B13="cost",MAX(C13:E13),MIN(C13:E13))
... A23: ='WEIGHTED NORMALISED MATRIX'!A23 | B23: ='CHATBOT_INPUT'!B23 | C23: ='WEIGHTED NORMALISED MATRIX'!F23 | D23: ='WEIGHTED NORMALISED MATRIX'!G23 | E23: ='WEIGHTED NORMALISED MATRIX'!H23 | F23: =IF(B23="cost",MIN(C23:E23),MAX(C23:E23)) | G23: =IF(B23="cost",MAX(C23:E23),MIN(C23:E23))

Sheet SEPERATIONMEASURES 
A1: Criterion | B1: WEIGHTED A | C1: WEIGHTED B | D1: WEIGHTED C | E1: POSITIVE IDEAL (A+) | F1: NEGATIVE IDEAL (A-) | G1: (A-A+)² | H1: (B-A+)² | I1: (C-A+)² | J1: (A-A-)² | K1: (B-A-)² | L1: (C-A-)²
A2: ='IDEAL SOLUTION'!A2 | B2: ='IDEAL SOLUTION'!C2 | C2: ='IDEAL SOLUTION'!D2 | D2: ='IDEAL SOLUTION'!E2 | E2: ='IDEAL SOLUTION'!F2 | F2: ='IDEAL SOLUTION'!G2 | G2: =(B2-E2)^2 | H2: =(C2-E2)^2 | I2: =(D2-E2)^2 | J2: =(B2-F2)^2 | K2: =(C2-F2)^2 | L2: =(D2-F2)^2
A3: ='IDEAL SOLUTION'!A3 | B3: ='IDEAL SOLUTION'!C3 | C3: ='IDEAL SOLUTION'!D3 | D3: ='IDEAL SOLUTION'!E3 | E3: ='IDEAL SOLUTION'!F3 | F3: ='IDEAL SOLUTION'!G3 | G3: =(B3-E3)^2 | H3: =(C3-E3)^2 | I3: =(D3-E3)^2 | J3: =(B3-F3)^2 | K3: =(C3-F3)^2 | L3: =(D3-F3)^2
A4: ='IDEAL SOLUTION'!A4 | B4: ='IDEAL SOLUTION'!C4 | C4: ='IDEAL SOLUTION'!D4 | D4: ='IDEAL SOLUTION'!E4 | E4: ='IDEAL SOLUTION'!F4 | F4: ='IDEAL SOLUTION'!G4 | G4: =(B4-E4)^2 | H4: =(C4-E4)^2 | I4: =(D4-E4)^2 | J4: =(B4-F4)^2 | K4: =(C4-F4)^2 | L4: =(D4-F4)^2
A5: ='IDEAL SOLUTION'!A5 | B5: ='IDEAL SOLUTION'!C5 | C5: ='IDEAL SOLUTION'!D5 | D5: ='IDEAL SOLUTION'!E5 | E5: ='IDEAL SOLUTION'!F5 | F5: ='IDEAL SOLUTION'!G5 | G5: =(B5-E5)^2 | H5: =(C5-E5)^2 | I5: =(D5-E5)^2 | J5: =(B5-F5)^2 | K5: =(C5-F5)^2 | L5: =(D5-F5)^2
A6: ='IDEAL SOLUTION'!A6 | B6: ='IDEAL SOLUTION'!C6 | C6: ='IDEAL SOLUTION'!D6 | D6: ='IDEAL SOLUTION'!E6 | E6: ='IDEAL SOLUTION'!F6 | F6: ='IDEAL SOLUTION'!G6 | G6: =(B6-E6)^2 | H6: =(C6-E6)^2 | I6: =(D6-E6)^2 | J6: =(B6-F6)^2 | K6: =(C6-F6)^2 | L6: =(D6-F6)^2
A7: ='IDEAL SOLUTION'!A7 | B7: ='IDEAL SOLUTION'!C7 | C7: ='IDEAL SOLUTION'!D7 | D7: ='IDEAL SOLUTION'!E7 | E7: ='IDEAL SOLUTION'!F7 | F7: ='IDEAL SOLUTION'!G7 | G7: =(B7-E7)^2 | H7: =(C7-E7)^2 | I7: =(D7-E7)^2 | J7: =(B7-F7)^2 | K7: =(C7-F7)^2 | L7: =(D7-F7)^2
A8: ='IDEAL SOLUTION'!A8 | B8: ='IDEAL SOLUTION'!C8 | C8: ='IDEAL SOLUTION'!D8 | D8: ='IDEAL SOLUTION'!E8 | E8: ='IDEAL SOLUTION'!F8 | F8: ='IDEAL SOLUTION'!G8 | G8: =(B8-E8)^2 | H8: =(C8-E8)^2 | I8: =(D8-E8)^2 | J8: =(B8-F8)^2 | K8: =(C8-F8)^2 | L8: =(D8-F8)^2
A9: ='IDEAL SOLUTION'!A9 | B9: ='IDEAL SOLUTION'!C9 | C9: ='IDEAL SOLUTION'!D9 | D9: ='IDEAL SOLUTION'!E9 | E9: ='IDEAL SOLUTION'!F9 | F9: ='IDEAL SOLUTION'!G9 | G9: =(B9-E9)^2 | H9: =(C9-E9)^2 | I9: =(D9-E9)^2 | J9: =(B9-F9)^2 | K9: =(C9-F9)^2 | L9: =(D9-F9)^2
A10: ='IDEAL SOLUTION'!A10 | B10: ='IDEAL SOLUTION'!C10 | C10: ='IDEAL SOLUTION'!D10 | D10: ='IDEAL SOLUTION'!E10 | E10: ='IDEAL SOLUTION'!F10 | F10: ='IDEAL SOLUTION'!G10 | G10: =(B10-E10)^2 | H10: =(C10-E10)^2 | I10: =(D10-E10)^2 | J10: =(B10-F10)^2 | K10: =(C10-F10)^2 | L10: =(D10-F10)^2
A11: ='IDEAL SOLUTION'!A11 | B11: ='IDEAL SOLUTION'!C11 | C11: ='IDEAL SOLUTION'!D11 | D11: ='IDEAL SOLUTION'!E11 | E11: ='IDEAL SOLUTION'!F11 | F11: ='IDEAL SOLUTION'!G11 | G11: =(B11-E11)^2 | H11: =(C11-E11)^2 | I11: =(D11-E11)^2 | J11: =(B11-F11)^2 | K11: =(C11-F11)^2 | L11: =(D11-F11)^2
A12: ='IDEAL SOLUTION'!A12 | B12: ='IDEAL SOLUTION'!C12 | C12: ='IDEAL SOLUTION'!D12 | D12: ='IDEAL SOLUTION'!E12 | E12: ='IDEAL SOLUTION'!F12 | F12: ='IDEAL SOLUTION'!G12 | G12: =(B12-E12)^2 | H12: =(C12-E12)^2 | I12: =(D12-E12)^2 | J12: =(B12-F12)^2 | K12: =(C12-F12)^2 | L12: =(D12-F12)^2
A13: ='IDEAL SOLUTION'!A13 | B13: ='IDEAL SOLUTION'!C13 | C13: ='IDEAL SOLUTION'!D13 | D13: ='IDEAL SOLUTION'!E13 | E13: ='IDEAL SOLUTION'!F13 | F13: ='IDEAL SOLUTION'!G13 | G13: =(B13-E13)^2 | H13: =(C13-E13)^2 | I13: =(D13-E13)^2 | J13: =(B13-F13)^2 | K13: =(C13-F13)^2 | L13: =(D13-F13)^2
... A23: ='IDEAL SOLUTION'!A23 | B23: ='IDEAL SOLUTION'!C23 | C23: ='IDEAL SOLUTION'!D23 | D23: ='IDEAL SOLUTION'!E23 | E23: ='IDEAL SOLUTION'!F23 | F23: ='IDEAL SOLUTION'!G23 | G23: =(B23-E23)^2 | H23: =(C23-E23)^2 | I23: =(D23-E23)^2 | J23: =(B23-F23)^2 | K23: =(C23-F23)^2 | L23: =(D23-F23)^2
A26: ALTERNATIVE | B26: S+ | C26: S- | D26: RELATIVE CLOSENESS (Ci*) | E26: RANK
A27: ='CHATBOT_INPUT'!C1 | B27: =SQRT(SUM(G2:G23)) | C27: =SQRT(SUM(J2:J23)) | D27: =C27/(B27+C27) | E27: =RANK(D27,$D$27:$D$29,0)
A28: ='CHATBOT_INPUT'!D1 | B28: =SQRT(SUM(H2:H23)) | C28: =SQRT(SUM(K2:K23)) | D28: =C28/(B28+C28) | E28: =RANK(D28,$D$27:$D$29,0)
A29: ='CHATBOT_INPUT'!E1 | B29: =SQRT(SUM(I2:I23)) | C29: =SQRT(SUM(L2:L23)) | D29: =C29/(B29+C29) | E29: =RANK(D29,$D$27:$D$29,0)

Sheet RELATIVE CLOSENESS
A1: ALTERNATIVE | B1: S+ | C1: S- | D1: RELATIVE CLOSENESS (Ci*) | E1: RANK
A2: ='SEPERATIONMEASURES '!A27 | B2: ='SEPERATIONMEASURES '!B27 | C2: ='SEPERATIONMEASURES '!C27 | D2: ='SEPERATIONMEASURES '!D27 | E2: ='SEPERATIONMEASURES '!E27
A3: ='SEPERATIONMEASURES '!A28 | B3: ='SEPERATIONMEASURES '!B28 | C3: ='SEPERATIONMEASURES '!C28 | D3: ='SEPERATIONMEASURES '!D28 | E3: ='SEPERATIONMEASURES '!E28
A4: ='SEPERATIONMEASURES '!A29 | B4: ='SEPERATIONMEASURES '!B29 | C4: ='SEPERATIONMEASURES '!C29 | D4: ='SEPERATIONMEASURES '!D29 | E4: ='SEPERATIONMEASURES '!E29

Sheet CHATBOT_OUTPUT
A1: Result | B1: Value | D1: Node.js reads CHATBOT_OUTPUT after Excel recalculates.
A2: Alternative A Ci* | B2: ='RELATIVE CLOSENESS'!D2
A3: Alternative B Ci* | B3: ='RELATIVE CLOSENESS'!D3
A4: Alternative C Ci* | B4: ='RELATIVE CLOSENESS'!D4
A5: Best Alternative | B5: =INDEX('RELATIVE CLOSENESS'!A2:A4,MATCH(MAX('RELATIVE CLOSENESS'!D2:D4),'RELATIVE CLOSENESS'!D2:D4,0))
A6: Rank 1 | B6: =INDEX('RELATIVE CLOSENESS'!A2:A4,MATCH(1,'RELATIVE CLOSENESS'!E2:E4,0))
A7: Rank 2 | B7: =INDEX('RELATIVE CLOSENESS'!A2:A4,MATCH(2,'RELATIVE CLOSENESS'!E2:E4,0))
A8: Rank 3 | B8: =INDEX('RELATIVE CLOSENESS'!A2:A4,MATCH(3,'RELATIVE CLOSENESS'!E2:E4,0))
A9: Alternative A Rank | B9: ='RELATIVE CLOSENESS'!E2
A10: Alternative B Rank | B10: ='RELATIVE CLOSENESS'!E3
A11: Alternative C Rank | B11: ='RELATIVE CLOSENESS'!E4
A12: Alternative A S+ | B12: ='RELATIVE CLOSENESS'!B2
A13: Alternative A S- | B13: ='RELATIVE CLOSENESS'!C2
A14: Alternative B S+ | B14: ='RELATIVE CLOSENESS'!B3
A15: Alternative B S- | B15: ='RELATIVE CLOSENESS'!C3
A16: Alternative C S+ | B16: ='RELATIVE CLOSENESS'!B4
A17: Alternative C S- | B17: ='RELATIVE CLOSENESS'!C4
A18: Consistency Ratio | B18: ='CONSISTENCY CHECK'!B32
A19: Consistency Status | B19: ='CONSISTENCY CHECK'!B33
A20: Technical AHP Weight | B20: ='CONSISTENCY CHECK'!B19
A21: Operational AHP Weight | B21: ='CONSISTENCY CHECK'!B20
A22: Environmental AHP Weight | B22: ='CONSISTENCY CHECK'!B21
A23: Financial AHP Weight | B23: ='CONSISTENCY CHECK'!B22
A24: Regulatory AHP Weight | B24: ='CONSISTENCY CHECK'!B23

Sheet MODEL NOTES
A1: ENGINEERAI DSS MODEL NOTE
A2: Excel calculation engine | B2: Excel remains the AHP-TOPSIS calculation engine. Node.js writes CHATBOT_INPUT and reads CHATBOT_OUTPUT.
A3: Updated criterion structure | B3: 22 TOPSIS subcriteria: 5 Technical, 3 Operational, 4 Environmental & Safety, 4 Financial, 6 Regulatory.
A4: Financial input change | B4: Equipment Cost, Setup Cost, Operating Cost and Maintenance Cost use actual financial figures from the supplied financial models, not 1-10 scores.
A5: TOPSIS cost handling | B5: All four financial cost criteria are COST criteria. Lower cost is treated as closer to the positive ideal.
A6: Regulatory handling | B6: Regulatory criteria are NUPRC Compliance, NMDPRA Compliance, NCDMB Compliance, NOSDRA Compliance, Laboratory Certification and Environmental Permits; all are BENEFIT criteria: stronger compliance/readiness is better.
A7: Source alternatives | B7: Process Optimization-Focused Firm, Environmental Compliance-Focused Firm, Laboratory Testing-Focused Firm.
A8: AHP weights | B8: Technical, Operational, Environmental, Financial and Regulatory weights are derived from the supplied updated AHP pairwise matrix.
