Workbook

Sheet MODEL_NOTES
A1: ENGINEERAI DSS MODEL NOTE | B1: VALUE
A2: Excel calculation engine | B2: Excel remains the AHP-TOPSIS calculation engine. Node.js writes CHATBOT_INPUT and reads CHATBOT_OUTPUT.
A3: Criterion structure | B3: 7 major criteria and 19 TOPSIS sub-criteria.
A4: Rating scale | B4: All 19 decision ratings use integer values from 1 to 9.
A5: Financial handling | B5: Financial sub-criteria are expert ratings on 1-9; they are NOT entered as Naira amounts in the TOPSIS decision matrix.
A6: Cost criteria | B6: Initial Capital Requirement and Operating and Maintenance Burden are COST criteria; lower is better.
A7: Benefit criteria | B7: All other sub-criteria, including Funding/Financial Resilience, are BENEFIT criteria; higher is better.
A8: AHP weights | B8: Final consistent 7-criterion weights are based on the adjusted AHP matrix documented in the project report.
A9: Sub-criterion weights | B9: Each major criterion weight is distributed equally among its sub-criteria: 3 sub-criteria each for the first six criteria and 1 for Scale.
A12: Major criterion | B12: AHP weight | C12: Sub-criteria count | D12: Sub-criterion weight
A13: Technical | B13: 0.29793282 | C13: 3 | D13: =B13/C13
A14: Operational | B14: 0.18219588 | C14: 3 | D14: =B14/C14
A15: Environmental & Safety | B15: 0.20951857 | C15: 3 | D15: =B15/C15
A16: Financial | B16: 0.10245979 | C16: 3 | D16: =B16/C16
A17: Regulatory | B17: 0.092019205 | C17: 3 | D17: =B17/C17
A18: Commercial Feasibility | B18: 0.073697105 | C18: 3 | D18: =B18/C18
A19: Scale | B19: 0.042176633 | C19: 1 | D19: =B19/C19

Sheet AHP_CRITERIA
A1: AHP PAIRWISE COMPARISON - CONSISTENT ADJUSTED MATRIX
B3: Technical | C3: Operational | D3: Environmental & Safety | E3: Financial | F3: Regulatory | G3: Commercial Feasibility | H3: Scale
A4: Technical | B4: 1 | C4: 1.6352335 | D4: 1.4219877 | E4: 2.9078022 | F4: 3.2377243 | G4: 4.0426665 | H4: 7.0639308 | I4: 0.29793282
A5: Operational | B5: 0.61153344 | C5: 1 | D5: 0.86959301 | E5: 1.7782183 | F5: 1.9799767 | G5: 2.4722258 | H5: 4.3198299 | I5: 0.18219588
A6: Environmental & Safety | B6: 0.70324099 | C6: 1.1499632 | D6: 1 | E6: 2.0448857 | F6: 2.2769004 | G6: 2.8429688 | H6: 4.9676456 | I6: 0.20951857
A7: Financial | B7: 0.34390234 | C7: 0.56236064 | D7: 0.48902488 | E7: 1 | F7: 1.113461 | G7: 1.3902825 | H7: 2.4293023 | I7: 0.10245979
A8: Regulatory | B8: 0.30885891 | C8: 0.50505645 | D8: 0.43919356 | E8: 0.89810063 | F8: 1 | G8: 1.2486136 | H8: 2.181758 | I8: 0.092019205
A9: Commercial Feasibility | B9: 0.24736149 | C9: 0.4044938 | D9: 0.35174498 | E9: 0.71927829 | F9: 0.8008883 | G9: 1 | H9: 1.7473444 | I9: 0.073697105
A10: Scale | B10: 0.14156424 | C10: 0.2314906 | D10: 0.2013026 | E10: 0.41164082 | F10: 0.45834598 | G10: 0.57229701 | H10: 1 | I10: 0.042176633
A12: Column Sum | B12: =SUM(B4:B10) | C12: =SUM(C4:C10) | D12: =SUM(D4:D10) | E12: =SUM(E4:E10) | F12: =SUM(F4:F10) | G12: =SUM(G4:G10) | H12: =SUM(H4:H10)
A14: Priority Weight
A16: Lambda max | B16: 7
A17: Consistency Index | B17: 0
A18: Random Index | B18: 1.32
A19: Consistency Ratio | B19: 0
A20: Decision | B20: CONSISTENT

Sheet CHATBOT_INPUT
A1: Criterion | B1: Type | C1: Alternative 1 | D1: Alternative 2 | E1: Alternative 3 | F1: CHATBOT INPUT
A2: Technical Manpower | B2: benefit | C2: 4 | D2: 4 | E2: 4
A3: Technical Tools and Facilities | B3: benefit | C3: 5 | D3: 4 | E3: 5
A4: Service-Specific Capability | B4: benefit | C4: 4 | D4: 4 | E4: 4
A5: Facilities and Utilities | B5: benefit | C5: 4 | D5: 4 | E5: 4
A6: Maintenance and Quality Systems | B6: benefit | C6: 4 | D6: 4 | E6: 4
A7: Logistics and Project Delivery | B7: benefit | C7: 4 | D7: 4 | E7: 4
A8: Environmental Compliance and Waste Management | B8: benefit | C8: 4 | D8: 4 | E8: 4
A9: Process-Hazard Analysis Capability | B9: benefit | C9: 5 | D9: 4 | E9: 4
A10: Safety Management System | B10: benefit | C10: 4 | D10: 4 | E10: 4
A11: Initial Capital Requirement | B11: cost | C11: 4 | D11: 4 | E11: 3
A12: Operating and Maintenance Burden | B12: cost | C12: 4 | D12: 4 | E12: 3
A13: Funding/Financial Resilience | B13: benefit | C13: 4 | D13: 4 | E13: 3
... A20: Scale Suitability | B20: benefit | C20: 4 | D20: 5 | E20: 4

Sheet TOPSIS
A1: Criterion | B1: Type | C1: Global Weight | D1: A | E1: B | F1: C | G1: Norm A | H1: Norm B | I1: Norm C | J1: Weighted A | K1: Weighted B | L1: Weighted C | M1: Positive Ideal | N1: Negative Ideal | O1: A dist+ sq | P1: B dist+ sq | Q1: C dist+ sq | R1: A dist- sq | S1: B dist- sq | T1: C dist- sq
A2: Technical Manpower | B2: benefit | C2: =MODEL_NOTES!D13 | D2: =CHATBOT_INPUT!C2 | E2: =CHATBOT_INPUT!D2 | F2: =CHATBOT_INPUT!E2 | G2: =D2/SQRT(D2^2+E2^2+F2^2) | H2: =E2/SQRT(D2^2+E2^2+F2^2) | I2: =F2/SQRT(D2^2+E2^2+F2^2) | J2: =G2*C2 | K2: =H2*C2 | L2: =I2*C2 | M2: =MAX(J2:L2) | N2: =MIN(J2:L2) | O2: =(J2-M2)^2 | P2: =(K2-M2)^2 | Q2: =(L2-M2)^2 | R2: =(J2-N2)^2 | S2: =(K2-N2)^2 | T2: =(L2-N2)^2
A3: Technical Tools and Facilities | B3: benefit | C3: =MODEL_NOTES!D13 | D3: =CHATBOT_INPUT!C3 | E3: =CHATBOT_INPUT!D3 | F3: =CHATBOT_INPUT!E3 | G3: =D3/SQRT(D3^2+E3^2+F3^2) | H3: =E3/SQRT(D3^2+E3^2+F3^2) | I3: =F3/SQRT(D3^2+E3^2+F3^2) | J3: =G3*C3 | K3: =H3*C3 | L3: =I3*C3 | M3: =MAX(J3:L3) | N3: =MIN(J3:L3) | O3: =(J3-M3)^2 | P3: =(K3-M3)^2 | Q3: =(L3-M3)^2 | R3: =(J3-N3)^2 | S3: =(K3-N3)^2 | T3: =(L3-N3)^2
A4: Service-Specific Capability | B4: benefit | C4: =MODEL_NOTES!D13 | D4: =CHATBOT_INPUT!C4 | E4: =CHATBOT_INPUT!D4 | F4: =CHATBOT_INPUT!E4 | G4: =D4/SQRT(D4^2+E4^2+F4^2) | H4: =E4/SQRT(D4^2+E4^2+F4^2) | I4: =F4/SQRT(D4^2+E4^2+F4^2) | J4: =G4*C4 | K4: =H4*C4 | L4: =I4*C4 | M4: =MAX(J4:L4) | N4: =MIN(J4:L4) | O4: =(J4-M4)^2 | P4: =(K4-M4)^2 | Q4: =(L4-M4)^2 | R4: =(J4-N4)^2 | S4: =(K4-N4)^2 | T4: =(L4-N4)^2
A5: Facilities and Utilities | B5: benefit | C5: =MODEL_NOTES!D14 | D5: =CHATBOT_INPUT!C5 | E5: =CHATBOT_INPUT!D5 | F5: =CHATBOT_INPUT!E5 | G5: =D5/SQRT(D5^2+E5^2+F5^2) | H5: =E5/SQRT(D5^2+E5^2+F5^2) | I5: =F5/SQRT(D5^2+E5^2+F5^2) | J5: =G5*C5 | K5: =H5*C5 | L5: =I5*C5 | M5: =MAX(J5:L5) | N5: =MIN(J5:L5) | O5: =(J5-M5)^2 | P5: =(K5-M5)^2 | Q5: =(L5-M5)^2 | R5: =(J5-N5)^2 | S5: =(K5-N5)^2 | T5: =(L5-N5)^2
A6: Maintenance and Quality Systems | B6: benefit | C6: =MODEL_NOTES!D14 | D6: =CHATBOT_INPUT!C6 | E6: =CHATBOT_INPUT!D6 | F6: =CHATBOT_INPUT!E6 | G6: =D6/SQRT(D6^2+E6^2+F6^2) | H6: =E6/SQRT(D6^2+E6^2+F6^2) | I6: =F6/SQRT(D6^2+E6^2+F6^2) | J6: =G6*C6 | K6: =H6*C6 | L6: =I6*C6 | M6: =MAX(J6:L6) | N6: =MIN(J6:L6) | O6: =(J6-M6)^2 | P6: =(K6-M6)^2 | Q6: =(L6-M6)^2 | R6: =(J6-N6)^2 | S6: =(K6-N6)^2 | T6: =(L6-N6)^2
A7: Logistics and Project Delivery | B7: benefit | C7: =MODEL_NOTES!D14 | D7: =CHATBOT_INPUT!C7 | E7: =CHATBOT_INPUT!D7 | F7: =CHATBOT_INPUT!E7 | G7: =D7/SQRT(D7^2+E7^2+F7^2) | H7: =E7/SQRT(D7^2+E7^2+F7^2) | I7: =F7/SQRT(D7^2+E7^2+F7^2) | J7: =G7*C7 | K7: =H7*C7 | L7: =I7*C7 | M7: =MAX(J7:L7) | N7: =MIN(J7:L7) | O7: =(J7-M7)^2 | P7: =(K7-M7)^2 | Q7: =(L7-M7)^2 | R7: =(J7-N7)^2 | S7: =(K7-N7)^2 | T7: =(L7-N7)^2
A8: Environmental Compliance and Waste Management | B8: benefit | C8: =MODEL_NOTES!D15 | D8: =CHATBOT_INPUT!C8 | E8: =CHATBOT_INPUT!D8 | F8: =CHATBOT_INPUT!E8 | G8: =D8/SQRT(D8^2+E8^2+F8^2) | H8: =E8/SQRT(D8^2+E8^2+F8^2) | I8: =F8/SQRT(D8^2+E8^2+F8^2) | J8: =G8*C8 | K8: =H8*C8 | L8: =I8*C8 | M8: =MAX(J8:L8) | N8: =MIN(J8:L8) | O8: =(J8-M8)^2 | P8: =(K8-M8)^2 | Q8: =(L8-M8)^2 | R8: =(J8-N8)^2 | S8: =(K8-N8)^2 | T8: =(L8-N8)^2
A9: Process-Hazard Analysis Capability | B9: benefit | C9: =MODEL_NOTES!D15 | D9: =CHATBOT_INPUT!C9 | E9: =CHATBOT_INPUT!D9 | F9: =CHATBOT_INPUT!E9 | G9: =D9/SQRT(D9^2+E9^2+F9^2) | H9: =E9/SQRT(D9^2+E9^2+F9^2) | I9: =F9/SQRT(D9^2+E9^2+F9^2) | J9: =G9*C9 | K9: =H9*C9 | L9: =I9*C9 | M9: =MAX(J9:L9) | N9: =MIN(J9:L9) | O9: =(J9-M9)^2 | P9: =(K9-M9)^2 | Q9: =(L9-M9)^2 | R9: =(J9-N9)^2 | S9: =(K9-N9)^2 | T9: =(L9-N9)^2
A10: Safety Management System | B10: benefit | C10: =MODEL_NOTES!D15 | D10: =CHATBOT_INPUT!C10 | E10: =CHATBOT_INPUT!D10 | F10: =CHATBOT_INPUT!E10 | G10: =D10/SQRT(D10^2+E10^2+F10^2) | H10: =E10/SQRT(D10^2+E10^2+F10^2) | I10: =F10/SQRT(D10^2+E10^2+F10^2) | J10: =G10*C10 | K10: =H10*C10 | L10: =I10*C10 | M10: =MAX(J10:L10) | N10: =MIN(J10:L10) | O10: =(J10-M10)^2 | P10: =(K10-M10)^2 | Q10: =(L10-M10)^2 | R10: =(J10-N10)^2 | S10: =(K10-N10)^2 | T10: =(L10-N10)^2
A11: Initial Capital Requirement | B11: cost | C11: =MODEL_NOTES!D16 | D11: =CHATBOT_INPUT!C11 | E11: =CHATBOT_INPUT!D11 | F11: =CHATBOT_INPUT!E11 | G11: =D11/SQRT(D11^2+E11^2+F11^2) | H11: =E11/SQRT(D11^2+E11^2+F11^2) | I11: =F11/SQRT(D11^2+E11^2+F11^2) | J11: =G11*C11 | K11: =H11*C11 | L11: =I11*C11 | M11: =MIN(J11:L11) | N11: =MAX(J11:L11) | O11: =(J11-M11)^2 | P11: =(K11-M11)^2 | Q11: =(L11-M11)^2 | R11: =(J11-N11)^2 | S11: =(K11-N11)^2 | T11: =(L11-N11)^2
A12: Operating and Maintenance Burden | B12: cost | C12: =MODEL_NOTES!D16 | D12: =CHATBOT_INPUT!C12 | E12: =CHATBOT_INPUT!D12 | F12: =CHATBOT_INPUT!E12 | G12: =D12/SQRT(D12^2+E12^2+F12^2) | H12: =E12/SQRT(D12^2+E12^2+F12^2) | I12: =F12/SQRT(D12^2+E12^2+F12^2) | J12: =G12*C12 | K12: =H12*C12 | L12: =I12*C12 | M12: =MIN(J12:L12) | N12: =MAX(J12:L12) | O12: =(J12-M12)^2 | P12: =(K12-M12)^2 | Q12: =(L12-M12)^2 | R12: =(J12-N12)^2 | S12: =(K12-N12)^2 | T12: =(L12-N12)^2
A13: Funding/Financial Resilience | B13: benefit | C13: =MODEL_NOTES!D16 | D13: =CHATBOT_INPUT!C13 | E13: =CHATBOT_INPUT!D13 | F13: =CHATBOT_INPUT!E13 | G13: =D13/SQRT(D13^2+E13^2+F13^2) | H13: =E13/SQRT(D13^2+E13^2+F13^2) | I13: =F13/SQRT(D13^2+E13^2+F13^2) | J13: =G13*C13 | K13: =H13*C13 | L13: =I13*C13 | M13: =MAX(J13:L13) | N13: =MIN(J13:L13) | O13: =(J13-M13)^2 | P13: =(K13-M13)^2 | Q13: =(L13-M13)^2 | R13: =(J13-N13)^2 | S13: =(K13-N13)^2 | T13: =(L13-N13)^2
A14: Petroleum-Sector Registration/Compliance | B14: benefit | C14: =MODEL_NOTES!D17 | D14: =CHATBOT_INPUT!C14 | E14: =CHATBOT_INPUT!D14 | F14: =CHATBOT_INPUT!E14 | G14: =D14/SQRT(D14^2+E14^2+F14^2) | H14: =E14/SQRT(D14^2+E14^2+F14^2) | I14: =F14/SQRT(D14^2+E14^2+F14^2) | J14: =G14*C14 | K14: =H14*C14 | L14: =I14*C14 | M14: =MAX(J14:L14) | N14: =MIN(J14:L14) | O14: =(J14-M14)^2 | P14: =(K14-M14)^2 | Q14: =(L14-M14)^2 | R14: =(J14-N14)^2 | S14: =(K14-N14)^2 | T14: =(L14-N14)^2
A15: Laboratory Quality/Accreditation Readiness | B15: benefit | C15: =MODEL_NOTES!D17 | D15: =CHATBOT_INPUT!C15 | E15: =CHATBOT_INPUT!D15 | F15: =CHATBOT_INPUT!E15 | G15: =D15/SQRT(D15^2+E15^2+F15^2) | H15: =E15/SQRT(D15^2+E15^2+F15^2) | I15: =F15/SQRT(D15^2+E15^2+F15^2) | J15: =G15*C15 | K15: =H15*C15 | L15: =I15*C15 | M15: =MAX(J15:L15) | N15: =MIN(J15:L15) | O15: =(J15-M15)^2 | P15: =(K15-M15)^2 | Q15: =(L15-M15)^2 | R15: =(J15-N15)^2 | S15: =(K15-N15)^2 | T15: =(L15-N15)^2
A16: Environmental Permits/Approvals | B16: benefit | C16: =MODEL_NOTES!D17 | D16: =CHATBOT_INPUT!C16 | E16: =CHATBOT_INPUT!D16 | F16: =CHATBOT_INPUT!E16 | G16: =D16/SQRT(D16^2+E16^2+F16^2) | H16: =E16/SQRT(D16^2+E16^2+F16^2) | I16: =F16/SQRT(D16^2+E16^2+F16^2) | J16: =G16*C16 | K16: =H16*C16 | L16: =I16*C16 | M16: =MAX(J16:L16) | N16: =MIN(J16:L16) | O16: =(J16-M16)^2 | P16: =(K16-M16)^2 | Q16: =(L16-M16)^2 | R16: =(J16-N16)^2 | S16: =(K16-N16)^2 | T16: =(L16-N16)^2
A17: Client Demand | B17: benefit | C17: =MODEL_NOTES!D18 | D17: =CHATBOT_INPUT!C17 | E17: =CHATBOT_INPUT!D17 | F17: =CHATBOT_INPUT!E17 | G17: =D17/SQRT(D17^2+E17^2+F17^2) | H17: =E17/SQRT(D17^2+E17^2+F17^2) | I17: =F17/SQRT(D17^2+E17^2+F17^2) | J17: =G17*C17 | K17: =H17*C17 | L17: =I17*C17 | M17: =MAX(J17:L17) | N17: =MIN(J17:L17) | O17: =(J17-M17)^2 | P17: =(K17-M17)^2 | Q17: =(L17-M17)^2 | R17: =(J17-N17)^2 | S17: =(K17-N17)^2 | T17: =(L17-N17)^2
A18: Contract Access and Business Development | B18: benefit | C18: =MODEL_NOTES!D18 | D18: =CHATBOT_INPUT!C18 | E18: =CHATBOT_INPUT!D18 | F18: =CHATBOT_INPUT!E18 | G18: =D18/SQRT(D18^2+E18^2+F18^2) | H18: =E18/SQRT(D18^2+E18^2+F18^2) | I18: =F18/SQRT(D18^2+E18^2+F18^2) | J18: =G18*C18 | K18: =H18*C18 | L18: =I18*C18 | M18: =MAX(J18:L18) | N18: =MIN(J18:L18) | O18: =(J18-M18)^2 | P18: =(K18-M18)^2 | Q18: =(L18-M18)^2 | R18: =(J18-N18)^2 | S18: =(K18-N18)^2 | T18: =(L18-N18)^2
A19: Competitive Position | B19: benefit | C19: =MODEL_NOTES!D18 | D19: =CHATBOT_INPUT!C19 | E19: =CHATBOT_INPUT!D19 | F19: =CHATBOT_INPUT!E19 | G19: =D19/SQRT(D19^2+E19^2+F19^2) | H19: =E19/SQRT(D19^2+E19^2+F19^2) | I19: =F19/SQRT(D19^2+E19^2+F19^2) | J19: =G19*C19 | K19: =H19*C19 | L19: =I19*C19 | M19: =MAX(J19:L19) | N19: =MIN(J19:L19) | O19: =(J19-M19)^2 | P19: =(K19-M19)^2 | Q19: =(L19-M19)^2 | R19: =(J19-N19)^2 | S19: =(K19-N19)^2 | T19: =(L19-N19)^2
A20: Scale Suitability | B20: benefit | C20: =MODEL_NOTES!D19 | D20: =CHATBOT_INPUT!C20 | E20: =CHATBOT_INPUT!D20 | F20: =CHATBOT_INPUT!E20 | G20: =D20/SQRT(D20^2+E20^2+F20^2) | H20: =E20/SQRT(D20^2+E20^2+F20^2) | I20: =F20/SQRT(D20^2+E20^2+F20^2) | J20: =G20*C20 | K20: =H20*C20 | L20: =I20*C20 | M20: =MAX(J20:L20) | N20: =MIN(J20:L20) | O20: =(J20-M20)^2 | P20: =(K20-M20)^2 | Q20: =(L20-M20)^2 | R20: =(J20-N20)^2 | S20: =(K20-N20)^2 | T20: =(L20-N20)^2
A23: ALTERNATIVE | B23: S+ | C23: S- | D23: RELATIVE CLOSENESS (Ci*) | E23: RANK
A24: =CHATBOT_INPUT!C1 | B24: =SQRT(SUM(O2:O20)) | C24: =SQRT(SUM(R2:R20)) | D24: =C24/(B24+C24) | E24: =RANK(D24,$D$24:$D$26,0)
A25: =CHATBOT_INPUT!D1 | B25: =SQRT(SUM(P2:P20)) | C25: =SQRT(SUM(S2:S20)) | D25: =C25/(B25+C25) | E25: =RANK(D25,$D$24:$D$26,0)
A26: =CHATBOT_INPUT!E1 | B26: =SQRT(SUM(Q2:Q20)) | C26: =SQRT(SUM(T2:T20)) | D26: =C26/(B26+C26) | E26: =RANK(D26,$D$24:$D$26,0)

Sheet CHATBOT_OUTPUT
A1: Result | B1: Value | C1: Unnamed: 2
A2: Alternative A Ci* | B2: =TOPSIS!D24
A3: Alternative B Ci* | B3: =TOPSIS!D25
A4: Alternative C Ci* | B4: =TOPSIS!D26
A5: Best Alternative | B5: =INDEX(TOPSIS!A24:A26,MATCH(1,TOPSIS!E24:E26,0))
A6: Rank 1 | B6: =INDEX(TOPSIS!A24:A26,MATCH(1,TOPSIS!E24:E26,0))
A7: Rank 2 | B7: =INDEX(TOPSIS!A24:A26,MATCH(2,TOPSIS!E24:E26,0))
A8: Rank 3 | B8: =INDEX(TOPSIS!A24:A26,MATCH(3,TOPSIS!E24:E26,0))
A9: Alternative A Rank | B9: =TOPSIS!E24
A10: Alternative B Rank | B10: =TOPSIS!E25
A11: Alternative C Rank | B11: =TOPSIS!E26
A12: Alternative A S+ | B12: =TOPSIS!B24
A13: Alternative A S- | B13: =TOPSIS!C24
A14: Alternative B S+ | B14: =TOPSIS!B25
A15: Alternative B S- | B15: =TOPSIS!C25
A16: Alternative C S+ | B16: =TOPSIS!B26
A17: Alternative C S- | B17: =TOPSIS!C26
A18: Consistency Ratio | B18: =AHP_CRITERIA!B19
A19: Consistency Status | B19: =AHP_CRITERIA!B20
A20: Technical AHP Weight | B20: =MODEL_NOTES!B13
A21: Operational AHP Weight | B21: =MODEL_NOTES!B14
A22: Environmental & Safety AHP Weight | B22: =MODEL_NOTES!B15
A23: Financial AHP Weight | B23: =MODEL_NOTES!B16
A24: Regulatory AHP Weight | B24: =MODEL_NOTES!B17
A25: Commercial Feasibility AHP Weight | B25: =MODEL_NOTES!B18
A26: Scale AHP Weight | B26: =MODEL_NOTES!B19
