Workbook

Sheet RAW 
A1: Comparison | B1: Expert 1 | C1: Expert 2 | D1: Expert 3 | E1: Expert 4 | F1: Expert 5
A2: Technical vs Operational | B2: 5 | C2: 7 | D2: 5 | E2: 5 | F2: 3
A3: Technical vs Environmental | B3: 7 | C3: 5 | D3: 3 | E3: 5 | F3: 5
A4: Technical vs Financial | B4: 5 | C4: 7 | D4: 5 | E4: 7 | F4: 5
A5: Technical vs Regulatory | B5: 3 | C5: 5 | D5: 3 | E5: 5 | F5: 3
A6: Operational vs Environmental | B6: 3 | C6: 3 | D6: 3 | E6: 3 | F6: 3
A7: Operational vs Financial | B7: 5 | C7: 3 | D7: 5 | E7: 5 | F7: 5
A8: Operational vs Regulatory | B8: 3 | C8: 5 | D8: 3 | E8: 3 | F8: 3
A9: Environmental vs Financial | B9: 5 | C9: 5 | D9: 5 | E9: 7 | F9: 5
A10: Environmental vs Regulatory | B10: 3 | C10: 3 | D10: 5 | E10: 3 | F10: 3
A11: Financial vs Regulatory | B11: 5 | C11: 7 | D11: 5 | E11: 5 | F11: 5
A15: Criterion | B15: E1-A | C15: E1-B | D15: E1-C | E15: E2-A | F15: E2-B | G15: E2-C | H15: E3-A | I15: E3-B | J15: E3-C | K15: E4-A | L15: E4-B | M15: E4-C | N15: E5-A | O15: E5-B | P15: E5-C
A16: Laboratory Facilities | B16: 5 | C16: 7 | D16: 10 | E16: 5 | F16: 7 | G16: 10 | H16: 5 | I16: 7 | J16: 10 | K16: 5 | L16: 7 | M16: 10 | N16: 5 | O16: 7 | P16: 10
A17: Process Equipment | B17: 3 | C17: 5 | D17: 5 | E17: 3 | F17: 5 | G17: 5 | H17: 3 | I17: 5 | J17: 5 | K17: 3 | L17: 5 | M17: 5 | N17: 3 | O17: 5 | P17: 5
A18: Engineering Software | B18: 10 | C18: 5 | D18: 5 | E18: 10 | F18: 5 | G18: 5 | H18: 10 | I18: 5 | J18: 5 | K18: 10 | L18: 5 | M18: 5 | N18: 10 | O18: 5 | P18: 5
A19: Technical Manpower | B19: 10 | C19: 10 | D19: 10 | E19: 10 | F19: 10 | G19: 10 | H19: 10 | I19: 10 | J19: 10 | K19: 10 | L19: 10 | M19: 10 | N19: 10 | O19: 10 | P19: 10
A20: Process Optimization Capability | B20: 10 | C20: 3 | D20: 4 | E20: 10 | F20: 3 | G20: 4 | H20: 10 | I20: 3 | J20: 4 | K20: 10 | L20: 3 | M20: 4 | N20: 10 | O20: 3 | P20: 4
A21: Infrastructure Availability | B21: 10 | C21: 10 | D21: 10 | E21: 10 | F21: 10 | G21: 10 | H21: 10 | I21: 10 | J21: 10 | K21: 10 | L21: 10 | M21: 10 | N21: 10 | O21: 10 | P21: 10
A22: Maintenance systems | B22: 3 | C22: 5 | D22: 7 | E22: 3 | F22: 5 | G22: 7 | H22: 3 | I22: 5 | J22: 7 | K22: 3 | L22: 5 | M22: 7 | N22: 3 | O22: 5 | P22: 7
A23: Industrial Utilities | B23: 3 | C23: 5 | D23: 7 | E23: 3 | F23: 5 | G23: 7 | H23: 3 | I23: 5 | J23: 7 | K23: 3 | L23: 5 | M23: 7 | N23: 3 | O23: 5 | P23: 7
A24: Environmental Compliance | B24: 3 | C24: 8 | D24: 8 | E24: 3 | F24: 8 | G24: 8 | H24: 3 | I24: 8 | J24: 8 | K24: 3 | L24: 8 | M24: 8 | N24: 3 | O24: 8 | P24: 8
A25: Waste Management Capability | B25: 3 | C25: 10 | D25: 5 | E25: 3 | F25: 10 | G25: 5 | H25: 3 | I25: 10 | J25: 5 | K25: 3 | L25: 10 | M25: 5 | N25: 3 | O25: 10 | P25: 5
A26: HAZOP/HAZID Capability | B26: 10 | C26: 6 | D26: 6 | E26: 10 | F26: 6 | G26: 6 | H26: 10 | I26: 6 | J26: 6 | K26: 10 | L26: 6 | M26: 6 | N26: 10 | O26: 6 | P26: 6
A27: Safety Management Systems | B27: 6 | C27: 8 | D27: 8 | E27: 6 | F27: 8 | G27: 8 | H27: 6 | I27: 8 | J27: 8 | K27: 6 | L27: 8 | M27: 8 | N27: 6 | O27: 8 | P27: 8
... A33: Environmental Permits | B33: 3 | C33: 10 | D33: 7 | E33: 3 | F33: 10 | G33: 7 | H33: 3 | I33: 10 | J33: 7 | K33: 3 | L33: 10 | M33: 7 | N33: 3 | O33: 10 | P33: 7

Sheet AHP PAIRWISE
B1: Technical | C1: Operational | D1: Environmental | E1: Financial | F1: Regulatory
A2: Technical | B2: 1 | C2: 2.271537 | D2: 3.0313892 | E2: 4.5389197 | F2: 8.2521099
A3: Operational | B3: 0.44023056 | C3: 1 | D3: 1.3345102 | E3: 1.9981711 | F3: 3.6328309
A4: Environmental | B4: 0.32988175 | C4: 0.74933861 | D4: 1 | E4: 1.4973068 | F4: 2.7222205
A5: Financial | B5: 0.22031674 | C5: 0.50045764 | D5: 0.66786581 | E5: 1 | F5: 1.818078
A6: Regulatory | B6: 0.12118113 | C6: 0.27526742 | D6: 0.36734717 | E6: 0.55003141 | F6: 1

Sheet NORMALIZATION 
B1: Technical | C1: Operational | D1: Environmental | E1: Financial | F1: Regulatory
A2: Technical | B2: 1 | C2: =(5+7+5+5+3)/5 -> 5 | D2: =(7+5+3+5+5)/5 -> 5 | E2: =(5+7+5+7+5)/5 -> 5.8 | F2: =(3+5+3+5+3)/5 -> 3.8
A3: Operational | B3: =1/5 -> 0.2 | C3: 1 | D3: =(3+3+3+3+3)/5 -> 3 | E3: =(5+3+5+5+5)/5 -> 4.6 | F3: =(3+5+3+3+3)/5 -> 3.4
A4: Environmental | B4: =1/5 -> 0.2 | C4: =1/3 -> 0.33333333 | D4: 1 | E4: =(5+5+5+7+5)/5 -> 5.4 | F4: =(3+3+5+3+3)/5 -> 3.4
A5: Financial | B5: =1/5.8 -> 0.17241379 | C5: =1/4.6 -> 0.2173913 | D5: =1/5.4 -> 0.18518519 | E5: 1 | F5: =(5+7+5+5+5)/5 -> 5.4
A6: Regulatory | B6: =1/3.8 -> 0.26315789 | C6: =1/3.4 -> 0.29411765 | D6: =1/3.4 -> 0.29411765 | E6: =1/5.4 -> 0.18518519 | F6: 1
A7: TOTAL | B7: =SUM(B2:B6) -> 1.8355717 | C7: =SUM(C2:C6) -> 6.8448423 | D7: =SUM(D2:D6) -> 9.4793028 | E7: =SUM(E2:E6) -> 16.985185 | F7: =SUM(F2:F6) -> 17
A10: NORMALIZED COLUMN
B11: Technical | C11: Operational | D11: Environmental | E11: Financial | F11: Regulatory
A12: Technical | B12: =B2/B$7 -> 0.5447894 | C12: =C2/C$7 -> 0.73047702 | D12: =D2/D$7 -> 0.52746495 | E12: =E2/E$7 -> 0.34147405 | F12: =F2/F$7 -> 0.22352941
A13: Operational | B13: =B3/B$7 -> 0.10895788 | C13: =C3/C$7 -> 0.1460954 | D13: =D3/D$7 -> 0.31647897 | E13: =E3/E$7 -> 0.27082425 | F13: =F3/F$7 -> 0.2
A14: Environmental | B14: =B4/B$7 -> 0.10895788 | C14: =C4/C$7 -> 0.048698468 | D14: =D4/D$7 -> 0.10549299 | E14: =E4/E$7 -> 0.31792412 | F14: =F4/F$7 -> 0.2
A15: Financial | B15: =B5/B$7 -> 0.093929207 | C15: =C5/C$7 -> 0.03175987 | D15: =D5/D$7 -> 0.019535739 | E15: =E5/E$7 -> 0.058874836 | F15: =F5/F$7 -> 0.31764706
A16: Regulatory | B16: =B6/B$7 -> 0.14336563 | C16: =C6/C$7 -> 0.042969237 | D16: =D6/D$7 -> 0.03102735 | E16: =E6/E$7 -> 0.010902747 | F16: =F6/F$7 -> 0.058823529

Sheet EIGENVECTOR
B1: NORMALIZED COLUMN
B2: TECHNICAL | C2: OPERATIONAL | D2: ENVIRONMENTAL | E2: FINANCIAL | F2: REGULATORY
A3: TECHNICAL | B3: ='NORMALIZATION '!B12 -> 0.5447894 | C3: ='NORMALIZATION '!C12 -> 0.73047702 | D3: ='NORMALIZATION '!D12 -> 0.52746495 | E3: ='NORMALIZATION '!E12 -> 0.34147405 | F3: ='NORMALIZATION '!F12 -> 0.22352941
A4: OPERATIONAL | B4: ='NORMALIZATION '!B13 -> 0.10895788 | C4: ='NORMALIZATION '!C13 -> 0.1460954 | D4: ='NORMALIZATION '!D13 -> 0.31647897 | E4: ='NORMALIZATION '!E13 -> 0.27082425 | F4: ='NORMALIZATION '!F13 -> 0.2
A5: ENVIRONMENTAL | B5: ='NORMALIZATION '!B14 -> 0.10895788 | C5: ='NORMALIZATION '!C14 -> 0.048698468 | D5: ='NORMALIZATION '!D14 -> 0.10549299 | E5: ='NORMALIZATION '!E14 -> 0.31792412 | F5: ='NORMALIZATION '!F14 -> 0.2
A6: FINANCIAL | B6: ='NORMALIZATION '!B15 -> 0.093929207 | C6: ='NORMALIZATION '!C15 -> 0.03175987 | D6: ='NORMALIZATION '!D15 -> 0.019535739 | E6: ='NORMALIZATION '!E15 -> 0.058874836 | F6: ='NORMALIZATION '!F15 -> 0.31764706
A7: REGULATORY | B7: ='NORMALIZATION '!B16 -> 0.14336563 | C7: ='NORMALIZATION '!C16 -> 0.042969237 | D7: ='NORMALIZATION '!D16 -> 0.03102735 | E7: ='NORMALIZATION '!E16 -> 0.010902747 | F7: ='NORMALIZATION '!F16 -> 0.058823529
A12: CRITERION | B12: PRIORITY WEIGHT(EIGENVECTOR)
A13: Technical | B13: =AVERAGE(B3:F3) -> 0.47354697
A14: Operational | B14: =AVERAGE(B4:F4) -> 0.2084713
A15: Environmental | B15: =AVERAGE(B5:F5) -> 0.15621469
A16: Financial | B16: =AVERAGE(B6:F6) -> 0.10434934
A17: Regulatory | B17: =AVERAGE(B7:F7) -> 0.057417699
B18: =SUM(B13:B17) -> 1

Sheet CONSISTENCY CHECK
B1: Technical | C1: Operational | D1: Environmental | E1: Financial | F1: Regulatory
A2: Technical | B2: 1 | C2: =(5+7+5+5+3)/5 -> 5 | D2: =(7+5+3+5+5)/5 -> 5 | E2: =(5+7+5+7+5)/5 -> 5.8 | F2: =(3+5+3+5+3)/5 -> 3.8
A3: Operational | B3: =1/5 -> 0.2 | C3: 1 | D3: =(3+3+3+3+3)/5 -> 3 | E3: =(5+3+5+5+5)/5 -> 4.6 | F3: =(3+5+3+3+3)/5 -> 3.4
A4: Environmental | B4: =1/5 -> 0.2 | C4: =1/3 -> 0.33333333 | D4: 1 | E4: =(5+5+5+7+5)/5 -> 5.4 | F4: =(3+3+5+3+3)/5 -> 3.4
A5: Financial | B5: =1/5.8 -> 0.17241379 | C5: =1/4.6 -> 0.2173913 | D5: =1/5.4 -> 0.18518519 | E5: 1 | F5: =(5+7+5+5+5)/5 -> 5.4
A6: Regulatory | B6: =1/3.8 -> 0.26315789 | C6: =1/3.4 -> 0.29411765 | D6: =1/3.4 -> 0.29411765 | E6: =1/5.4 -> 0.18518519 | F6: 1
A9: PRIORITY WEIGHT
A10: CRITERION | B10: WEIGHT | C10: WEIGHTED SUM | D10: LAMBDA
A11: TECHNICAL | B11: =EIGENVECTOR!B13 -> 0.47354697 | C11: ='AHP PAIRWISE'!B2*$B$11+'AHP PAIRWISE'!C2*$B$12+'AHP PAIRWISE'!D2*$B$13+'AHP PAIRWISE'!E2*$B$14+'AHP PAIRWISE'!F2*$B$15 -> 2.3680952 | D11: =C11/B11 -> 5.000761
A12: OPERATIONAL | B12: =EIGENVECTOR!B14 -> 0.2084713 | C12: ='AHP PAIRWISE'!B3*$B$11+'AHP PAIRWISE'!C3*$B$12+'AHP PAIRWISE'!D3*$B$13+'AHP PAIRWISE'!E3*$B$14+'AHP PAIRWISE'!F3*$B$15 -> 1.0425079 | D12: =C12/B12 -> 5.0007261
A13: ENVIRONMENTAL | B13: =EIGENVECTOR!B15 -> 0.15621469 | C13: ='AHP PAIRWISE'!B4*$B$11+'AHP PAIRWISE'!C4*$B$12+'AHP PAIRWISE'!D4*$B$13+'AHP PAIRWISE'!E4*$B$14+'AHP PAIRWISE'!F4*$B$15 -> 0.7811914 | D13: =C13/B13 -> 5.000755
A14: FINANCIAL | B14: =EIGENVECTOR!B16 -> 0.10434934 | C14: ='AHP PAIRWISE'!B5*$B$11+'AHP PAIRWISE'!C5*$B$12+'AHP PAIRWISE'!D5*$B$13+'AHP PAIRWISE'!E5*$B$14+'AHP PAIRWISE'!F5*$B$15 -> 0.52173103 | D14: =C14/B14 -> 4.9998497
A15: REGULATORY | B15: =EIGENVECTOR!B17 -> 0.057417699 | C15: ='AHP PAIRWISE'!B6*$B$11+'AHP PAIRWISE'!C6*$B$12+'AHP PAIRWISE'!D6*$B$13+'AHP PAIRWISE'!E6*$B$14+'AHP PAIRWISE'!F6*$B$15 -> 0.28696845 | D15: =C15/B15 -> 4.9979093
D16: =AVERAGE(D11:D15) -> 5.0000002
A20: CONSISTENCY CHECK | B20: VALUE
A21: Number Of Criteria (n) | B21: 5
A22: Lambda max | B22: =AVERAGE(D11:D15) -> 5.0000002
A23: Consistency Index (CI) | B23: =(B22-B21)/(B21-1) -> 6.071507e-08
A24: random Index (RI) | B24: 1.12
A25: Consistency Ratio (CR) | B25: =B23/B24 -> 5.4209884e-08
A26: Decision | B26: =IF(ABS(B25)<=0.1,"CONSISTENT","INCONSISTENT") -> CONSISTENT

Sheet DECISION MATRIX
A1: Criterion | B1: ALTERNATIVE A | C1: ALTERNATIVE B | D1: ALTERNATIVE C
A2: Laboratory Facilities | B2: =CHATBOT_INPUT!C2 -> 5 | C2: =CHATBOT_INPUT!D2 -> 7 | D2: =CHATBOT_INPUT!E2 -> 10 | E2: =CHATBOT_INPUT!F2 -> 0
A3: Process Equipment | B3: =CHATBOT_INPUT!C3 -> 3 | C3: =CHATBOT_INPUT!D3 -> 5 | D3: =CHATBOT_INPUT!E3 -> 5 | E3: =CHATBOT_INPUT!F3 -> 0
A4: Engineering Software | B4: =CHATBOT_INPUT!C4 -> 10 | C4: =CHATBOT_INPUT!D4 -> 5 | D4: =CHATBOT_INPUT!E4 -> 5 | E4: =CHATBOT_INPUT!F4 -> 0
A5: Technical Manpower | B5: =CHATBOT_INPUT!C5 -> 10 | C5: =CHATBOT_INPUT!D5 -> 10 | D5: =CHATBOT_INPUT!E5 -> 10 | E5: =CHATBOT_INPUT!F5 -> 0
A6: Process Optimization Capability | B6: =CHATBOT_INPUT!C6 -> 10 | C6: =CHATBOT_INPUT!D6 -> 3 | D6: =CHATBOT_INPUT!E6 -> 4 | E6: =CHATBOT_INPUT!F6 -> 0
A7: Infrastructure Availability | B7: =CHATBOT_INPUT!C7 -> 10 | C7: =CHATBOT_INPUT!D7 -> 10 | D7: =CHATBOT_INPUT!E7 -> 10 | E7: =CHATBOT_INPUT!F7 -> 0
A8: Maintenance systems | B8: =CHATBOT_INPUT!C8 -> 3 | C8: =CHATBOT_INPUT!D8 -> 5 | D8: =CHATBOT_INPUT!E8 -> 7 | E8: =CHATBOT_INPUT!F8 -> 0
A9: Industrial Utilities | B9: =CHATBOT_INPUT!C9 -> 3 | C9: =CHATBOT_INPUT!D9 -> 5 | D9: =CHATBOT_INPUT!E9 -> 7 | E9: =CHATBOT_INPUT!F9 -> 0
A10: Environmental Compliance | B10: =CHATBOT_INPUT!C10 -> 3 | C10: =CHATBOT_INPUT!D10 -> 8 | D10: =CHATBOT_INPUT!E10 -> 8 | E10: =CHATBOT_INPUT!F10 -> 0
A11: Waste Management Capability | B11: =CHATBOT_INPUT!C11 -> 3 | C11: =CHATBOT_INPUT!D11 -> 10 | D11: =CHATBOT_INPUT!E11 -> 5 | E11: =CHATBOT_INPUT!F11 -> 0
A12: HAZOP/HAZID Capability | B12: =CHATBOT_INPUT!C12 -> 10 | C12: =CHATBOT_INPUT!D12 -> 6 | D12: =CHATBOT_INPUT!E12 -> 6 | E12: =CHATBOT_INPUT!F12 -> 0
A13: Safety Management Systems | B13: =CHATBOT_INPUT!C13 -> 6 | C13: =CHATBOT_INPUT!D13 -> 8 | D13: =CHATBOT_INPUT!E13 -> 8 | E13: =CHATBOT_INPUT!F13 -> 0
... A19: Environmental Permits | B19: =CHATBOT_INPUT!C19 -> 3 | C19: =CHATBOT_INPUT!D19 -> 10 | D19: =CHATBOT_INPUT!E19 -> 7 | E19: =CHATBOT_INPUT!F19 -> 0

Sheet NORMALIZED DECISION MATRIX
A1: Criterion | B1: ALTERNATIVE A | C1: ALTERNATIVE B | D1: ALTERNATIVE C | E1: DENOMINATOR | F1: NORMALIZED A | G1: NORMALIZED B | H1: NORMALIZED C
A2: Laboratory Facilities | B2: ='DECISION MATRIX'!B2 -> 5 | C2: ='DECISION MATRIX'!C2 -> 7 | D2: ='DECISION MATRIX'!D2 -> 10 | E2: =SQRT(B2^2+E3+C2^2+D2^2) -> 13.478915 | F2: =B2/$E2 -> 0.37094974 | G2: =C2/$E2 -> 0.51932964 | H2: =D2/$E2 -> 0.74189949
A3: Process Equipment | B3: ='DECISION MATRIX'!B3 -> 3 | C3: ='DECISION MATRIX'!C3 -> 5 | D3: ='DECISION MATRIX'!D3 -> 5 | E3: =SQRT(B3^2+C3^2+D3^2) -> 7.6811457 | F3: =B3/$E3 -> 0.39056673 | G3: =C3/$E3 -> 0.65094455 | H3: =D3/$E3 -> 0.65094455
A4: Engineering Software | B4: ='DECISION MATRIX'!B4 -> 10 | C4: ='DECISION MATRIX'!C4 -> 5 | D4: ='DECISION MATRIX'!D4 -> 5 | E4: =SQRT(B4^2+C4^2+D4^2) -> 12.247449 | F4: =B4/$E4 -> 0.81649658 | G4: =C4/$E4 -> 0.40824829 | H4: =D4/$E4 -> 0.40824829
A5: Technical Manpower | B5: ='DECISION MATRIX'!B5 -> 10 | C5: ='DECISION MATRIX'!C5 -> 10 | D5: ='DECISION MATRIX'!D5 -> 10 | E5: =SQRT(B5^2+C5^2+D5^2) -> 17.320508 | F5: =B5/$E5 -> 0.57735027 | G5: =C5/$E5 -> 0.57735027 | H5: =D5/$E5 -> 0.57735027
A6: Process Optimization Capability | B6: ='DECISION MATRIX'!B6 -> 10 | C6: ='DECISION MATRIX'!C6 -> 3 | D6: ='DECISION MATRIX'!D6 -> 4 | E6: =SQRT(B6^2+C6^2+D6^2) -> 11.18034 | F6: =C6/$E6 -> 0.26832816 | G6: =C6/$E6 -> 0.26832816 | H6: =D6/$E6 -> 0.35777088
A7: Infrastructure Availability | B7: ='DECISION MATRIX'!B7 -> 10 | C7: ='DECISION MATRIX'!C7 -> 10 | D7: ='DECISION MATRIX'!D7 -> 10 | E7: =SQRT(B7^2+C7^2+D7^2) -> 17.320508 | F7: =B7/$E7 -> 0.57735027 | G7: =C7/$E7 -> 0.57735027 | H7: =D7/$E7 -> 0.57735027
A8: Maintenance systems | B8: ='DECISION MATRIX'!B8 -> 3 | C8: ='DECISION MATRIX'!C8 -> 5 | D8: ='DECISION MATRIX'!D8 -> 7 | E8: =SQRT(B8^2+C8^2+D8^2) -> 9.1104336 | F8: =B8/$E8 -> 0.32929278 | G8: =C8/$E8 -> 0.5488213 | H8: =D8/$E8 -> 0.76834982
A9: Industrial Utilities | B9: ='DECISION MATRIX'!B9 -> 3 | C9: ='DECISION MATRIX'!C9 -> 5 | D9: ='DECISION MATRIX'!D9 -> 7 | E9: =SQRT(B9^2+C9^2+D9^2) -> 9.1104336 | F9: =B9/$E9 -> 0.32929278 | G9: =C9/$E9 -> 0.5488213 | H9: =D9/$E9 -> 0.76834982
A10: Environmental Compliance | B10: ='DECISION MATRIX'!B10 -> 3 | C10: ='DECISION MATRIX'!C10 -> 8 | D10: ='DECISION MATRIX'!D10 -> 8 | E10: =SQRT(B10^2+C10^2+D10^2) -> 11.7047 | F10: =B10/$E10 -> 0.2563073 | G10: =C10/$E10 -> 0.68348613 | H10: =D10/$E10 -> 0.68348613
A11: Waste Management Capability | B11: ='DECISION MATRIX'!B11 -> 3 | C11: ='DECISION MATRIX'!C11 -> 10 | D11: ='DECISION MATRIX'!D11 -> 5 | E11: =SQRT(B11^2+C11^2+D11^2) -> 11.575837 | F11: =B11/$E11 -> 0.25916053 | G11: =C11/$E11 -> 0.86386843 | H11: =D11/$E11 -> 0.43193421
A12: HAZOP/HAZID Capability | B12: ='DECISION MATRIX'!B12 -> 10 | C12: ='DECISION MATRIX'!C12 -> 6 | D12: ='DECISION MATRIX'!D12 -> 6 | E12: =SQRT(B12^2+C12^2+D12^2) -> 13.114877 | F12: =B12/$E12 -> 0.76249285 | G12: =C12/$E12 -> 0.45749571 | H12: =D12/$E12 -> 0.45749571
A13: Safety Management Systems | B13: ='DECISION MATRIX'!B13 -> 6 | C13: ='DECISION MATRIX'!C13 -> 8 | D13: ='DECISION MATRIX'!D13 -> 8 | E13: =SQRT(B13^2+C13^2+D13^2) -> 12.806248 | F13: =B13/$E13 -> 0.46852129 | G13: =C13/$E13 -> 0.62469505 | H13: =D13/$E13 -> 0.62469505
A14: Equipment Cost | B14: ='DECISION MATRIX'!B14 -> 8 | C14: ='DECISION MATRIX'!C14 -> 6 | D14: ='DECISION MATRIX'!D14 -> 3 | E14: =SQRT(B14^2+C14^2+D14^2) -> 10.440307 | F14: =B14/$E14 -> 0.76626103 | G14: =C14/$E14 -> 0.57469577 | H14: =D14/$E14 -> 0.28734789
A15: Setup Cost | B15: ='DECISION MATRIX'!B15 -> 8 | C15: ='DECISION MATRIX'!C15 -> 8 | D15: ='DECISION MATRIX'!D15 -> 3 | E15: =SQRT(B15^2+C15^2+D15^2) -> 11.7047 | F15: =B15/$E15 -> 0.68348613 | G15: =C15/$E15 -> 0.68348613 | H15: =D15/$E15 -> 0.2563073
A16: Maintenance Cost | B16: ='DECISION MATRIX'!B16 -> 8 | C16: ='DECISION MATRIX'!C16 -> 6 | D16: ='DECISION MATRIX'!D16 -> 3 | E16: =SQRT(B16^2+C16^2+D16^2) -> 10.440307 | F16: =B16/$E16 -> 0.76626103 | G16: =C16/$E16 -> 0.57469577 | H16: =D16/$E16 -> 0.28734789
A17: NUPRC Compliance | B17: ='DECISION MATRIX'!B17 -> 5 | C17: ='DECISION MATRIX'!C17 -> 5 | D17: ='DECISION MATRIX'!D17 -> 5 | E17: =SQRT(B17^2+C17^2+D17^2) -> 8.660254 | F17: =B17/$E17 -> 0.57735027 | G17: =C17/$E17 -> 0.57735027 | H17: =D17/$E17 -> 0.57735027
A18: Laboratory Certification | B18: ='DECISION MATRIX'!B18 -> 1 | C18: ='DECISION MATRIX'!C18 -> 4 | D18: ='DECISION MATRIX'!D18 -> 10 | E18: =SQRT(B18^2+C18^2+D18^2) -> 10.816654 | F18: =B18/$E18 -> 0.092450033 | G18: =C18/$E18 -> 0.36980013 | H18: =D18/$E18 -> 0.92450033
A19: Environmental Permits | B19: ='DECISION MATRIX'!B19 -> 3 | C19: ='DECISION MATRIX'!C19 -> 10 | D19: ='DECISION MATRIX'!D19 -> 7 | E19: =SQRT(B19^2+C19^2+D19^2) -> 12.569805 | F19: =B19/$E19 -> 0.23866719 | G19: =C19/$E19 -> 0.79555728 | H19: =D19/$E19 -> 0.5568901

Sheet WEIGHTED NORMALISED MATRIX
A1: Criterion | B1: AHP WEIGHT | C1: NORMALISED A | D1: NORMALISED B | E1: NORMALISED C | F1: WEIGHTED A | G1: WEIGHTED B | H1: WEIGHTED C
A2: Laboratory Facilities | B2: 0.473546 | C2: ='NORMALIZED DECISION MATRIX'!F2 -> 0.37094974 | D2: ='NORMALIZED DECISION MATRIX'!G2 -> 0.51932964 | E2: ='NORMALIZED DECISION MATRIX'!H2 -> 0.74189949 | F2: =B2*C2 -> 0.17566177 | G2: =B2*D2 -> 0.24592647 | H2: =B2*E2 -> 0.35132353
A3: Process Equipment | B3: 0.473546 | C3: ='NORMALIZED DECISION MATRIX'!F3 -> 0.39056673 | D3: ='NORMALIZED DECISION MATRIX'!G3 -> 0.65094455 | E3: ='NORMALIZED DECISION MATRIX'!H3 -> 0.65094455 | F3: =B3*C3 -> 0.18495131 | G3: =B3*D3 -> 0.30825219 | H3: =B3*E3 -> 0.30825219
A4: Engineering Software | B4: 0.473546 | C4: ='NORMALIZED DECISION MATRIX'!F4 -> 0.81649658 | D4: ='NORMALIZED DECISION MATRIX'!G4 -> 0.40824829 | E4: ='NORMALIZED DECISION MATRIX'!H4 -> 0.40824829 | F4: =B4*C4 -> 0.38664869 | G4: =B4*D4 -> 0.19332434 | H4: =B4*E4 -> 0.19332434
A5: Technical Manpower | B5: 0.473546 | C5: ='NORMALIZED DECISION MATRIX'!F5 -> 0.57735027 | D5: ='NORMALIZED DECISION MATRIX'!G5 -> 0.57735027 | E5: ='NORMALIZED DECISION MATRIX'!H5 -> 0.57735027 | F5: =B5*C5 -> 0.27340191 | G5: =B5*D5 -> 0.27340191 | H5: =B5*E5 -> 0.27340191
A6: Process Optimization Capability | B6: 0.473546 | C6: ='NORMALIZED DECISION MATRIX'!F6 -> 0.26832816 | D6: ='NORMALIZED DECISION MATRIX'!G6 -> 0.26832816 | E6: ='NORMALIZED DECISION MATRIX'!H6 -> 0.35777088 | F6: =B6*C6 -> 0.12706573 | G6: =B6*D6 -> 0.12706573 | H6: =B6*E6 -> 0.16942097
A8: Infrastructure Availability | B8: 0.222602 | C8: ='NORMALIZED DECISION MATRIX'!F7 -> 0.57735027 | D8: ='NORMALIZED DECISION MATRIX'!G7 -> 0.57735027 | E8: ='NORMALIZED DECISION MATRIX'!H7 -> 0.57735027 | F8: =B8*C8 -> 0.12851932 | G8: =B8*D8 -> 0.12851932 | H8: =B8*E8 -> 0.12851932
A9: Maintenance systems | B9: 0.222602 | C9: ='NORMALIZED DECISION MATRIX'!F8 -> 0.32929278 | D9: ='NORMALIZED DECISION MATRIX'!G8 -> 0.5488213 | E9: ='NORMALIZED DECISION MATRIX'!H8 -> 0.76834982 | F9: =B9*C9 -> 0.073301231 | G9: =B9*D9 -> 0.12216872 | H9: =B9*E9 -> 0.17103621
A10: Industrial Utilities | B10: 0.222602 | C10: ='NORMALIZED DECISION MATRIX'!F9 -> 0.32929278 | D10: ='NORMALIZED DECISION MATRIX'!G9 -> 0.5488213 | E10: ='NORMALIZED DECISION MATRIX'!H9 -> 0.76834982 | F10: =B10*C10 -> 0.073301231 | G10: =B10*D10 -> 0.12216872 | H10: =B10*E10 -> 0.17103621
A12: Environmental Compliance | B12: 0.156214 | C12: ='NORMALIZED DECISION MATRIX'!F10 -> 0.2563073 | D12: ='NORMALIZED DECISION MATRIX'!G10 -> 0.68348613 | E12: ='NORMALIZED DECISION MATRIX'!H10 -> 0.68348613 | F12: =B12*C12 -> 0.040038788 | G12: =B12*D12 -> 0.1067701 | H12: =B12*E12 -> 0.1067701
A13: Waste Management Capability | B13: 0.156214 | C13: ='NORMALIZED DECISION MATRIX'!F11 -> 0.25916053 | D13: ='NORMALIZED DECISION MATRIX'!G11 -> 0.86386843 | E13: ='NORMALIZED DECISION MATRIX'!H11 -> 0.43193421 | F13: =B13*C13 -> 0.040484503 | G13: =B13*D13 -> 0.13494834 | H13: =B13*E13 -> 0.067474171
A14: HAZOP/HAZID Capability | B14: 0.156214 | C14: ='NORMALIZED DECISION MATRIX'!F12 -> 0.76249285 | D14: ='NORMALIZED DECISION MATRIX'!G12 -> 0.45749571 | E14: ='NORMALIZED DECISION MATRIX'!H12 -> 0.45749571 | F14: =B14*C14 -> 0.11911206 | G14: =B14*D14 -> 0.071467235 | H14: =B14*E14 -> 0.071467235
A15: Safety Management Systems | B15: 0.156214 | C15: ='NORMALIZED DECISION MATRIX'!F13 -> 0.46852129 | D15: ='NORMALIZED DECISION MATRIX'!G13 -> 0.62469505 | E15: ='NORMALIZED DECISION MATRIX'!H13 -> 0.62469505 | F15: =B15*C15 -> 0.073189584 | G15: =B15*D15 -> 0.097586112 | H15: =B15*E15 -> 0.097586112
A17: Equipment Cost | B17: 0.100833 | C17: ='NORMALIZED DECISION MATRIX'!F14 -> 0.76626103 | D17: ='NORMALIZED DECISION MATRIX'!G14 -> 0.57469577 | E17: ='NORMALIZED DECISION MATRIX'!H14 -> 0.28734789 | F17: =B17*C17 -> 0.077264398 | G17: =B17*D17 -> 0.057948299 | H17: =B17*E17 -> 0.028974149
A18: Setup Cost | B18: 0.100833 | C18: ='NORMALIZED DECISION MATRIX'!F15 -> 0.68348613 | D18: ='NORMALIZED DECISION MATRIX'!G15 -> 0.68348613 | E18: ='NORMALIZED DECISION MATRIX'!H15 -> 0.2563073 | F18: =B18*C18 -> 0.068917957 | G18: =B18*D18 -> 0.068917957 | H18: =B18*E18 -> 0.025844234
A19: Maintenance Cost | B19: 0.100833 | C19: ='NORMALIZED DECISION MATRIX'!F16 -> 0.76626103 | D19: ='NORMALIZED DECISION MATRIX'!G16 -> 0.57469577 | E19: ='NORMALIZED DECISION MATRIX'!H16 -> 0.28734789 | F19: =B19*C19 -> 0.077264398 | G19: =B19*D19 -> 0.057948299 | H19: =B19*E19 -> 0.028974149
A21: NUPRC Compliance | B21: 0.057418 | C21: ='NORMALIZED DECISION MATRIX'!F17 -> 0.57735027 | D21: ='NORMALIZED DECISION MATRIX'!G17 -> 0.57735027 | E21: ='NORMALIZED DECISION MATRIX'!H17 -> 0.57735027 | F21: =B21*C21 -> 0.033150298 | G21: =B21*D21 -> 0.033150298 | H21: =B21*E21 -> 0.033150298
A22: Laboratory Certification | B22: 0.057418 | C22: ='NORMALIZED DECISION MATRIX'!F18 -> 0.092450033 | D22: ='NORMALIZED DECISION MATRIX'!G18 -> 0.36980013 | E22: ='NORMALIZED DECISION MATRIX'!H18 -> 0.92450033 | F22: =B22*C22 -> 0.005308296 | G22: =B22*D22 -> 0.021233184 | H22: =B22*E22 -> 0.05308296
A23: Environmental Permits | B23: 0.057418 | C23: ='NORMALIZED DECISION MATRIX'!F19 -> 0.23866719 | D23: ='NORMALIZED DECISION MATRIX'!G19 -> 0.79555728 | E23: ='NORMALIZED DECISION MATRIX'!H19 -> 0.5568901 | F23: =B23*C23 -> 0.013703792 | G23: =B23*D23 -> 0.045679308 | H23: =B23*E23 -> 0.031975516

Sheet IDEAL SOLUTION
A1: Criterion | B1: WEIGHTED A | C1: WEIGHTED B | D1: WEIGHTED C | E1: POSTIVE IDEAL (A+) | F1: NEGATIVE IDEAL (A-)
A2: Laboratory Facilities | B2: ='WEIGHTED NORMALISED MATRIX'!F2 -> 0.17566177 | C2: ='WEIGHTED NORMALISED MATRIX'!G2 -> 0.24592647 | D2: ='WEIGHTED NORMALISED MATRIX'!H2 -> 0.35132353 | E2: =MAX(B2:D2) -> 0.35132353 | F2: =MIN(B2:D2) -> 0.17566177
A3: Process Equipment | B3: ='WEIGHTED NORMALISED MATRIX'!F3 -> 0.18495131 | C3: ='WEIGHTED NORMALISED MATRIX'!G3 -> 0.30825219 | D3: ='WEIGHTED NORMALISED MATRIX'!H3 -> 0.30825219 | E3: =MAX(B3:D3) -> 0.30825219 | F3: =MIN(B3:D3) -> 0.18495131
A4: Engineering Software | B4: ='WEIGHTED NORMALISED MATRIX'!F4 -> 0.38664869 | C4: ='WEIGHTED NORMALISED MATRIX'!G4 -> 0.19332434 | D4: ='WEIGHTED NORMALISED MATRIX'!H4 -> 0.19332434 | E4: =MAX(B4:D4) -> 0.38664869 | F4: =MIN(B4:D4) -> 0.19332434
A5: Technical Manpower | B5: ='WEIGHTED NORMALISED MATRIX'!F5 -> 0.27340191 | C5: ='WEIGHTED NORMALISED MATRIX'!G5 -> 0.27340191 | D5: ='WEIGHTED NORMALISED MATRIX'!H5 -> 0.27340191 | E5: =MAX(B5:D5) -> 0.27340191 | F5: =MIN(B5:D5) -> 0.27340191
A6: Process Optimization Capability | B6: ='WEIGHTED NORMALISED MATRIX'!F6 -> 0.12706573 | C6: ='WEIGHTED NORMALISED MATRIX'!G6 -> 0.12706573 | D6: ='WEIGHTED NORMALISED MATRIX'!H6 -> 0.16942097 | E6: =MAX(B6:D6) -> 0.16942097 | F6: =MIN(B6:D6) -> 0.12706573
A8: Infrastructure Availability | B8: ='WEIGHTED NORMALISED MATRIX'!F8 -> 0.12851932 | C8: ='WEIGHTED NORMALISED MATRIX'!G8 -> 0.12851932 | D8: ='WEIGHTED NORMALISED MATRIX'!H8 -> 0.12851932 | E8: =MAX(B8:D8) -> 0.12851932 | F8: =MIN(B8:D8) -> 0.12851932
A9: Maintenance systems | B9: ='WEIGHTED NORMALISED MATRIX'!F9 -> 0.073301231 | C9: ='WEIGHTED NORMALISED MATRIX'!G9 -> 0.12216872 | D9: ='WEIGHTED NORMALISED MATRIX'!H9 -> 0.17103621 | E9: =MAX(B9:D9) -> 0.17103621 | F9: =MIN(B9:D9) -> 0.073301231
A10: Industrial Utilities | B10: ='WEIGHTED NORMALISED MATRIX'!F10 -> 0.073301231 | C10: ='WEIGHTED NORMALISED MATRIX'!G10 -> 0.12216872 | D10: ='WEIGHTED NORMALISED MATRIX'!H10 -> 0.17103621 | E10: =MAX(B10:D10) -> 0.17103621 | F10: =MIN(B10:D10) -> 0.073301231
A12: Environmental Compliance | B12: ='WEIGHTED NORMALISED MATRIX'!F12 -> 0.040038788 | C12: ='WEIGHTED NORMALISED MATRIX'!G12 -> 0.1067701 | D12: ='WEIGHTED NORMALISED MATRIX'!H12 -> 0.1067701 | E12: =MAX(B12:D12) -> 0.1067701 | F12: =MIN(B12:D12) -> 0.040038788
A13: Waste Management Capability | B13: ='WEIGHTED NORMALISED MATRIX'!F13 -> 0.040484503 | C13: ='WEIGHTED NORMALISED MATRIX'!G13 -> 0.13494834 | D13: ='WEIGHTED NORMALISED MATRIX'!H13 -> 0.067474171 | E13: =MAX(B13:D13) -> 0.13494834 | F13: =MIN(B13:D13) -> 0.040484503
A14: HAZOP/HAZID Capability | B14: ='WEIGHTED NORMALISED MATRIX'!F14 -> 0.11911206 | C14: ='WEIGHTED NORMALISED MATRIX'!G14 -> 0.071467235 | D14: ='WEIGHTED NORMALISED MATRIX'!H14 -> 0.071467235 | E14: =MAX(B14:D14) -> 0.11911206 | F14: =MIN(B14:D14) -> 0.071467235
A15: Safety Management Systems | B15: ='WEIGHTED NORMALISED MATRIX'!F15 -> 0.073189584 | C15: ='WEIGHTED NORMALISED MATRIX'!G15 -> 0.097586112 | D15: ='WEIGHTED NORMALISED MATRIX'!H15 -> 0.097586112 | E15: =MAX(B15:D15) -> 0.097586112 | F15: =MIN(B15:D15) -> 0.073189584
... A19: Environmental Permits | B19: ='WEIGHTED NORMALISED MATRIX'!F19 -> 0.077264398 | C19: ='WEIGHTED NORMALISED MATRIX'!G19 -> 0.057948299 | D19: ='WEIGHTED NORMALISED MATRIX'!H19 -> 0.028974149 | E19: =MAX(B19:D19) -> 0.077264398 | F19: =MIN(B19:D19) -> 0.028974149
A21: Equipment Cost | B21: ='WEIGHTED NORMALISED MATRIX'!F21 -> 0.033150298 | C21: ='WEIGHTED NORMALISED MATRIX'!G21 -> 0.033150298 | D21: ='WEIGHTED NORMALISED MATRIX'!H21 -> 0.033150298 | E21: =MIN(B21:D21) -> 0.033150298 | F21: =MAX(B21:D21) -> 0.033150298
A22: Setup Cost | B22: ='WEIGHTED NORMALISED MATRIX'!F22 -> 0.005308296 | C22: ='WEIGHTED NORMALISED MATRIX'!G22 -> 0.021233184 | D22: ='WEIGHTED NORMALISED MATRIX'!H22 -> 0.05308296 | E22: =MIN(B22:D22) -> 0.005308296 | F22: =MAX(B22:D22) -> 0.05308296
A23: Maintenance Cost | B23: ='WEIGHTED NORMALISED MATRIX'!F23 -> 0.013703792 | C23: ='WEIGHTED NORMALISED MATRIX'!G23 -> 0.045679308 | D23: ='WEIGHTED NORMALISED MATRIX'!H23 -> 0.031975516 | E23: =MIN(B23:D23) -> 0.013703792 | F23: =MAX(B23:D23) -> 0.045679308

Sheet SEPERATIONMEASURES 
G1: S+ (DISTANCE TO POSITIVE IDEAL) | J1: S- (DISTANCE TO NEGATIVE IDEAL)
A2: Criterion | B2: WEIGHTED A | C2: WEIGHTED B | D2: WEIGHTED C | E2: POSTIVE IDEAL (A+) | F2: NEGATIVE IDEAL (A-) | G2: (WA - A+)^2 | H2: (WB - A+)^2 | I2: (WC - A+)^2 | J2: (WA - A-)^2 | K2: (WB - B-)^2 | L2: (WC - C-)^2
A3: Laboratory Facilities | B3: ='IDEAL SOLUTION'!B2 -> 0.17566177 | C3: ='IDEAL SOLUTION'!C2 -> 0.24592647 | D3: ='IDEAL SOLUTION'!D2 -> 0.35132353 | E3: ='IDEAL SOLUTION'!E2 -> 0.35132353 | F3: ='IDEAL SOLUTION'!F2 -> 0.17566177 | G3: =(B3-E3)^2 -> 0.030857056 | H3: =(C3-E3)^2 -> 0.01110854 | I3: =(D3-E3)^2 -> 0 | J3: =(B3-F3)^2 -> 0 | K3: =(C3-F3)^2 -> 0.004937129 | L3: =(D3-F3)^2 -> 0.030857056
A4: Process Equipment | B4: ='IDEAL SOLUTION'!B3 -> 0.18495131 | C4: ='IDEAL SOLUTION'!C3 -> 0.30825219 | D4: ='IDEAL SOLUTION'!D3 -> 0.30825219 | E4: ='IDEAL SOLUTION'!E3 -> 0.30825219 | F4: ='IDEAL SOLUTION'!F3 -> 0.18495131 | G4: =(B4-E4)^2 -> 0.015203106 | H4: =(C4-E4)^2 -> 0 | I4: =(D4-E4)^2 -> 0 | J4: =(B4-F4)^2 -> 0 | K4: =(C4-F4)^2 -> 0.015203106 | L4: =(D4-F4)^2 -> 0.015203106
A5: Engineering Software | B5: ='IDEAL SOLUTION'!B4 -> 0.38664869 | C5: ='IDEAL SOLUTION'!C4 -> 0.19332434 | D5: ='IDEAL SOLUTION'!D4 -> 0.19332434 | E5: ='IDEAL SOLUTION'!E4 -> 0.38664869 | F5: ='IDEAL SOLUTION'!F4 -> 0.19332434 | G5: =(B5-E5)^2 -> 0 | H5: =(C5-E5)^2 -> 0.037374302 | I5: =(D5-E5)^2 -> 0.037374302 | J5: =(B5-F5)^2 -> 0.037374302 | K5: =(C5-F5)^2 -> 0 | L5: =(D5-F5)^2 -> 0
A6: Technical Manpower | B6: ='IDEAL SOLUTION'!B5 -> 0.27340191 | C6: ='IDEAL SOLUTION'!C5 -> 0.27340191 | D6: ='IDEAL SOLUTION'!D5 -> 0.27340191 | E6: ='IDEAL SOLUTION'!E5 -> 0.27340191 | F6: ='IDEAL SOLUTION'!F5 -> 0.27340191 | G6: =(B6-E6)^2 -> 0 | H6: =(C6-E6)^2 -> 0 | I6: =(D6-E6)^2 -> 0 | J6: =(B6-F6)^2 -> 0 | K6: =(C6-F6)^2 -> 0 | L6: =(D6-F6)^2 -> 0
A7: Process Optimization Capability | B7: ='IDEAL SOLUTION'!B6 -> 0.12706573 | C7: ='IDEAL SOLUTION'!C6 -> 0.12706573 | D7: ='IDEAL SOLUTION'!D6 -> 0.16942097 | E7: ='IDEAL SOLUTION'!E6 -> 0.16942097 | F7: ='IDEAL SOLUTION'!F6 -> 0.12706573 | G7: =(B7-E7)^2 -> 0.0017939665 | H7: =(C7-E7)^2 -> 0.0017939665 | I7: =(D7-E7)^2 -> 0 | J7: =(B7-F7)^2 -> 0 | K7: =(C7-F7)^2 -> 0 | L7: =(D7-F7)^2 -> 0.0017939665
B8: ='IDEAL SOLUTION'!B7 -> 0 | C8: ='IDEAL SOLUTION'!C7 -> 0 | D8: ='IDEAL SOLUTION'!D7 -> 0 | E8: ='IDEAL SOLUTION'!E7 -> 0 | F8: ='IDEAL SOLUTION'!F7 -> 0 | G8: =(B8-E8)^2 -> 0 | H8: =(C8-E8)^2 -> 0 | I8: =(D8-E8)^2 -> 0 | J8: =(B8-F8)^2 -> 0 | K8: =(C8-F8)^2 -> 0 | L8: =(D8-F8)^2 -> 0
A9: Infrastructure Availability | B9: ='IDEAL SOLUTION'!B8 -> 0.12851932 | C9: ='IDEAL SOLUTION'!C8 -> 0.12851932 | D9: ='IDEAL SOLUTION'!D8 -> 0.12851932 | E9: ='IDEAL SOLUTION'!E8 -> 0.12851932 | F9: ='IDEAL SOLUTION'!F8 -> 0.12851932 | G9: =(B9-E9)^2 -> 0 | H9: =(C9-E9)^2 -> 0 | I9: =(D9-E9)^2 -> 0 | J9: =(B9-F9)^2 -> 0 | K9: =(C9-F9)^2 -> 0 | L9: =(D9-F9)^2 -> 0
A10: Maintenance systems | B10: ='IDEAL SOLUTION'!B9 -> 0.073301231 | C10: ='IDEAL SOLUTION'!C9 -> 0.12216872 | D10: ='IDEAL SOLUTION'!D9 -> 0.17103621 | E10: ='IDEAL SOLUTION'!E9 -> 0.17103621 | F10: ='IDEAL SOLUTION'!F9 -> 0.073301231 | G10: =(B10-E10)^2 -> 0.0095521254 | H10: =(C10-E10)^2 -> 0.0023880313 | I10: =(D10-E10)^2 -> 0 | J10: =(B10-F10)^2 -> 0 | K10: =(C10-F10)^2 -> 0.0023880313 | L10: =(D10-F10)^2 -> 0.0095521254
A11: Industrial Utilities | B11: ='IDEAL SOLUTION'!B10 -> 0.073301231 | C11: ='IDEAL SOLUTION'!C10 -> 0.12216872 | D11: ='IDEAL SOLUTION'!D10 -> 0.17103621 | E11: ='IDEAL SOLUTION'!E10 -> 0.17103621 | F11: ='IDEAL SOLUTION'!F10 -> 0.073301231 | G11: =(B11-E11)^2 -> 0.0095521254 | H11: =(C11-E11)^2 -> 0.0023880313 | I11: =(D11-E11)^2 -> 0 | J11: =(B11-F11)^2 -> 0 | K11: =(C11-F11)^2 -> 0.0023880313 | L11: =(D11-F11)^2 -> 0.0095521254
B12: ='IDEAL SOLUTION'!B11 -> 0 | C12: ='IDEAL SOLUTION'!C11 -> 0 | D12: ='IDEAL SOLUTION'!D11 -> 0 | E12: ='IDEAL SOLUTION'!E11 -> 0 | F12: ='IDEAL SOLUTION'!F11 -> 0 | G12: =(B12-E12)^2 -> 0 | H12: =(C12-E12)^2 -> 0 | I12: =(D12-E12)^2 -> 0 | J12: =(B12-F12)^2 -> 0 | K12: =(C12-F12)^2 -> 0 | L12: =(D12-F12)^2 -> 0
A13: Environmental Compliance | B13: ='IDEAL SOLUTION'!B12 -> 0.040038788 | C13: ='IDEAL SOLUTION'!C12 -> 0.1067701 | D13: ='IDEAL SOLUTION'!D12 -> 0.1067701 | E13: ='IDEAL SOLUTION'!E12 -> 0.1067701 | F13: ='IDEAL SOLUTION'!F12 -> 0.040038788 | G13: =(B13-E13)^2 -> 0.0044530682 | H13: =(C13-E13)^2 -> 0 | I13: =(D13-E13)^2 -> 0 | J13: =(B13-F13)^2 -> 0 | K13: =(C13-F13)^2 -> 0.0044530682 | L13: =(D13-F13)^2 -> 0.0044530682
A14: Waste Management Capability | B14: ='IDEAL SOLUTION'!B13 -> 0.040484503 | C14: ='IDEAL SOLUTION'!C13 -> 0.13494834 | D14: ='IDEAL SOLUTION'!D13 -> 0.067474171 | E14: ='IDEAL SOLUTION'!E13 -> 0.13494834 | F14: ='IDEAL SOLUTION'!F13 -> 0.040484503 | G14: =(B14-E14)^2 -> 0.008923417 | H14: =(C14-E14)^2 -> 0 | I14: =(D14-E14)^2 -> 0.0045527638 | J14: =(B14-F14)^2 -> 0 | K14: =(C14-F14)^2 -> 0.008923417 | L14: =(D14-F14)^2 -> 0.0007284422
A15: HAZOP/HAZID Capability | B15: ='IDEAL SOLUTION'!B14 -> 0.11911206 | C15: ='IDEAL SOLUTION'!C14 -> 0.071467235 | D15: ='IDEAL SOLUTION'!D14 -> 0.071467235 | E15: ='IDEAL SOLUTION'!E14 -> 0.11911206 | F15: ='IDEAL SOLUTION'!F14 -> 0.071467235 | G15: =(B15-E15)^2 -> 0 | H15: =(C15-E15)^2 -> 0.0022700292 | I15: =(D15-E15)^2 -> 0.0022700292 | J15: =(B15-F15)^2 -> 0.0022700292 | K15: =(C15-F15)^2 -> 0 | L15: =(D15-F15)^2 -> 0
A16: Safety Management Systems | B16: ='IDEAL SOLUTION'!B15 -> 0.073189584 | C16: ='IDEAL SOLUTION'!C15 -> 0.097586112 | D16: ='IDEAL SOLUTION'!D15 -> 0.097586112 | E16: ='IDEAL SOLUTION'!E15 -> 0.097586112 | F16: ='IDEAL SOLUTION'!F15 -> 0.073189584 | G16: =(B16-E16)^2 -> 0.00059519058 | H16: =(C16-E16)^2 -> 0 | I16: =(D16-E16)^2 -> 0 | J16: =(B16-F16)^2 -> 0 | K16: =(C16-F16)^2 -> 0.00059519058 | L16: =(D16-F16)^2 -> 0.00059519058
B17: ='IDEAL SOLUTION'!B16 -> 0 | C17: ='IDEAL SOLUTION'!C16 -> 0 | D17: ='IDEAL SOLUTION'!D16 -> 0 | E17: ='IDEAL SOLUTION'!E16 -> 0 | F17: ='IDEAL SOLUTION'!F16 -> 0 | G17: =(B17-E17)^2 -> 0 | H17: =(C17-E17)^2 -> 0 | I17: =(D17-E17)^2 -> 0 | J17: =(B17-F17)^2 -> 0 | K17: =(C17-F17)^2 -> 0 | L17: =(D17-F17)^2 -> 0
A18: NUPRC Compliance | B18: ='IDEAL SOLUTION'!B17 -> 0.077264398 | C18: ='IDEAL SOLUTION'!C17 -> 0.057948299 | D18: ='IDEAL SOLUTION'!D17 -> 0.028974149 | E18: ='IDEAL SOLUTION'!E17 -> 0.077264398 | F18: ='IDEAL SOLUTION'!F17 -> 0.028974149 | G18: =(B18-E18)^2 -> 0 | H18: =(C18-E18)^2 -> 0.0003731117 | I18: =(D18-E18)^2 -> 0.0023319481 | J18: =(B18-F18)^2 -> 0.0023319481 | K18: =(C18-F18)^2 -> 0.00083950133 | L18: =(D18-F18)^2 -> 0
A19: Laboratory Certification | B19: ='IDEAL SOLUTION'!B18 -> 0.068917957 | C19: ='IDEAL SOLUTION'!C18 -> 0.068917957 | D19: ='IDEAL SOLUTION'!D18 -> 0.025844234 | E19: ='IDEAL SOLUTION'!E18 -> 0.068917957 | F19: ='IDEAL SOLUTION'!F18 -> 0.025844234 | G19: =(B19-E19)^2 -> 0 | H19: =(C19-E19)^2 -> 0 | I19: =(D19-E19)^2 -> 0.0018553456 | J19: =(B19-F19)^2 -> 0.0018553456 | K19: =(C19-F19)^2 -> 0.0018553456 | L19: =(D19-F19)^2 -> 0
A20: Environmental Permits | B20: ='IDEAL SOLUTION'!B19 -> 0.077264398 | C20: ='IDEAL SOLUTION'!C19 -> 0.057948299 | D20: ='IDEAL SOLUTION'!D19 -> 0.028974149 | E20: ='IDEAL SOLUTION'!E19 -> 0.077264398 | F20: ='IDEAL SOLUTION'!F19 -> 0.028974149 | G20: =(B20-E20)^2 -> 0 | H20: =(C20-E20)^2 -> 0.0003731117 | I20: =(D20-E20)^2 -> 0.0023319481 | J20: =(B20-F20)^2 -> 0.0023319481 | K20: =(C20-F20)^2 -> 0.00083950133 | L20: =(D20-F20)^2 -> 0
B21: ='IDEAL SOLUTION'!B20 -> 0 | C21: ='IDEAL SOLUTION'!C20 -> 0 | D21: ='IDEAL SOLUTION'!D20 -> 0 | E21: ='IDEAL SOLUTION'!E20 -> 0 | F21: ='IDEAL SOLUTION'!F20 -> 0 | G21: =(B21-E21)^2 -> 0 | H21: =(C21-E21)^2 -> 0 | I21: =(D21-E21)^2 -> 0 | J21: =(B21-F21)^2 -> 0 | K21: =(C21-F21)^2 -> 0 | L21: =(D21-F21)^2 -> 0
A22: Equipment Cost | B22: ='IDEAL SOLUTION'!B21 -> 0.033150298 | C22: ='IDEAL SOLUTION'!C21 -> 0.033150298 | D22: ='IDEAL SOLUTION'!D21 -> 0.033150298 | E22: ='IDEAL SOLUTION'!E21 -> 0.033150298 | F22: ='IDEAL SOLUTION'!F21 -> 0.033150298 | G22: =(B22-E22)^2 -> 0 | H22: =(C22-E22)^2 -> 0 | I22: =(D22-E22)^2 -> 0 | J22: =(B22-F22)^2 -> 0 | K22: =(C22-F22)^2 -> 0 | L22: =(D22-F22)^2 -> 0
A23: Setup Cost | B23: ='IDEAL SOLUTION'!B22 -> 0.005308296 | C23: ='IDEAL SOLUTION'!C22 -> 0.021233184 | D23: ='IDEAL SOLUTION'!D22 -> 0.05308296 | E23: ='IDEAL SOLUTION'!E22 -> 0.005308296 | F23: ='IDEAL SOLUTION'!F22 -> 0.05308296 | G23: =(B23-E23)^2 -> 0 | H23: =(C23-E23)^2 -> 0.00025360206 | I23: =(D23-E23)^2 -> 0.0022824185 | J23: =(B23-F23)^2 -> 0.0022824185 | K23: =(C23-F23)^2 -> 0.0010144082 | L23: =(D23-F23)^2 -> 0
A24: Maintenance Cost | B24: ='IDEAL SOLUTION'!B23 -> 0.013703792 | C24: ='IDEAL SOLUTION'!C23 -> 0.045679308 | D24: ='IDEAL SOLUTION'!D23 -> 0.031975516 | E24: ='IDEAL SOLUTION'!E23 -> 0.013703792 | F24: ='IDEAL SOLUTION'!F23 -> 0.045679308 | G24: =(B24-E24)^2 -> 0 | H24: =(C24-E24)^2 -> 0.0010224336 | I24: =(D24-E24)^2 -> 0.00033385587 | J24: =(B24-F24)^2 -> 0.0010224336 | K24: =(C24-F24)^2 -> 0 | L24: =(D24-F24)^2 -> 0.00018779393
A28: ALTERNATIVE | B28: S+ | C28: S- | D28: RELATIVE CLOSENESS (Ci*) | E28: RANK
A29: ALTERNATIVE A | B29: =SQRT(SUM(G3:G24)) -> 0.28448208 | C29: =SQRT(SUM(J3:J24)) -> 0.22241498 | D29: =C29/(B29+C29) -> 0.43877741 | E29: =RANK(D29,$D$29:$D$31,0) -> 3
A30: ALTERNATIVE B | B30: =SQRT(SUM(H3:H24)) -> 0.24360862 | C30: =SQRT(SUM(K3:K24)) -> 0.2084148 | D30: =C30/(C30+B30) -> 0.4610708 | E30: =RANK(D30,$D$29:$D$31,0) -> 2
A31: ALTERNATIVE C | B31: =SQRT(SUM(I3:I24)) -> 0.23093854 | C31: =SQRT(SUM(L3:L24)) -> 0.27004236 | D31: =C31/(B31+C31) -> 0.53902725 | E31: =RANK(D31,$D$29:$D$31,0) -> 1

Sheet RELATIVE CLOSENESS
A1: ALTERNATIVE | B1: S+ | C1: S- | D1: RELATIVE CLOSENESS (Ci*) | E1: RANK
A2: ALTERNATIVE A | B2: ='SEPERATIONMEASURES '!B29 -> 0.28448208 | C2: ='SEPERATIONMEASURES '!C29 -> 0.22241498 | D2: ='SEPERATIONMEASURES '!D29 -> 0.43877741 | E2: =D2/(C2+D2) -> 0.66361533 | F2: =RANK(E2,$E$2:$E$4,0) -> 3
A3: ALTERNATIVE B | B3: ='SEPERATIONMEASURES '!B30 -> 0.24360862 | C3: ='SEPERATIONMEASURES '!C30 -> 0.2084148 | D3: ='SEPERATIONMEASURES '!D30 -> 0.4610708 | E3: =D3/(C3+D3) -> 0.68869412 | F3: =RANK(E3,$E$2:$E$4,0) -> 1
A4: ALTERNATIVE C | B4: ='SEPERATIONMEASURES '!B31 -> 0.23093854 | C4: ='SEPERATIONMEASURES '!C31 -> 0.27004236 | D4: ='SEPERATIONMEASURES '!D31 -> 0.53902725 | E4: =D4/(C4+D4) -> 0.666231 | F4: =RANK(E4,$E$2:$E$4,0) -> 2

Sheet CHATBOT_INPUT
A1: Criterion | B1: Type | C1: ALTERNATIVE A | D1: ALTERNATIVE B | E1: ALTERNATIVE C | G1: CHATBOT INPUT
A2: Laboratory Facilities | B2: benefit | C2: 5 | D2: 7 | E2: 10 | G2: Node.js writes scores into C2:E19.
A3: Process Equipment | B3: benefit | C3: 3 | D3: 5 | E3: 5 | G3: Scores: 1-10.
A4: Engineering Software | B4: benefit | C4: 10 | D4: 5 | E4: 5 | G4: AHP expert weights remain unchanged in the existing workbook.
A5: Technical Manpower | B5: benefit | C5: 10 | D5: 10 | E5: 10
A6: Process Optimization Capability | B6: benefit | C6: 10 | D6: 3 | E6: 4
A7: Infrastructure Availability | B7: benefit | C7: 10 | D7: 10 | E7: 10
A8: Maintenance systems | B8: benefit | C8: 3 | D8: 5 | E8: 7
A9: Industrial Utilities | B9: benefit | C9: 3 | D9: 5 | E9: 7
A10: Environmental Compliance | B10: benefit | C10: 3 | D10: 8 | E10: 8
A11: Waste Management Capability | B11: benefit | C11: 3 | D11: 10 | E11: 5
A12: HAZOP/HAZID Capability | B12: benefit | C12: 10 | D12: 6 | E12: 6
A13: Safety Management Systems | B13: benefit | C13: 6 | D13: 8 | E13: 8
A14: Equipment Cost | B14: benefit | C14: 8 | D14: 6 | E14: 3
A15: Setup Cost | B15: benefit | C15: 8 | D15: 8 | E15: 3
A16: Maintenance Cost | B16: benefit | C16: 8 | D16: 6 | E16: 3
... A19: Environmental Permits | B19: cost | C19: 3 | D19: 10 | E19: 7

Sheet CHATBOT_OUTPUT
A1: Result | B1: Value | D1: Node.js reads CHATBOT_OUTPUT after Excel recalculates.
A2: Alternative A Ci* | B2: ='SEPERATIONMEASURES '!D29 -> 0.43877741 | C2: ='RELATIVE CLOSENESS'!E2 -> 0.66361533
A3: Alternative B Ci* | B3: ='SEPERATIONMEASURES '!D30 -> 0.4610708 | C3: ='RELATIVE CLOSENESS'!E3 -> 0.68869412
A4: Alternative C Ci* | B4: ='SEPERATIONMEASURES '!D31 -> 0.53902725 | C4: ='RELATIVE CLOSENESS'!E4 -> 0.666231
A5: Best Alternative | B5: =INDEX('SEPERATIONMEASURES '!A29:A31,MATCH(1,'SEPERATIONMEASURES '!E29:E31,0)) -> ALTERNATIVE C | C5: =INDEX('RELATIVE CLOSENESS'!B2:B4,MATCH(MAX('RELATIVE CLOSENESS'!E2:E4),'RELATIVE CLOSENESS'!E2:E4,0)) -> 0.24360862
A6: Rank 1 | B6: =INDEX('SEPERATIONMEASURES '!A29:A31,MATCH(1,'SEPERATIONMEASURES '!E29:E31,0)) -> ALTERNATIVE C | C6: =INDEX('RELATIVE CLOSENESS'!B2:B4,MATCH(1,'RELATIVE CLOSENESS'!F2:F4,0)) -> 0.24360862
A7: Rank 2 | B7: =INDEX('SEPERATIONMEASURES '!A29:A31,MATCH(2,'SEPERATIONMEASURES '!E29:E31,0)) -> ALTERNATIVE B | C7: =INDEX('RELATIVE CLOSENESS'!B2:B4,MATCH(2,'RELATIVE CLOSENESS'!F2:F4,0)) -> 0.23093854
A8: Rank 3 | B8: =INDEX('SEPERATIONMEASURES '!A29:A31,MATCH(3,'SEPERATIONMEASURES '!E29:E31,0)) -> ALTERNATIVE A | C8: ='RELATIVE CLOSENESS'!F2 -> 3
A9: Alternative A Rank | B9: ='SEPERATIONMEASURES '!E29 -> 3 | C9: ='RELATIVE CLOSENESS'!F3 -> 1
A10: Alternative B Rank | B10: ='SEPERATIONMEASURES '!E30 -> 2 | C10: ='RELATIVE CLOSENESS'!F4 -> 2
A11: Alternative C Rank | B11: ='SEPERATIONMEASURES '!E31 -> 1 | C11: ='RELATIVE CLOSENESS'!C2 -> 0.22241498
A12: Alternative A S+ | B12: ='SEPERATIONMEASURES '!B29 -> 0.28448208 | C12: ='RELATIVE CLOSENESS'!D2 -> 0.43877741
A13: Alternative A S- | B13: ='SEPERATIONMEASURES '!C29 -> 0.22241498 | C13: ='RELATIVE CLOSENESS'!C3 -> 0.2084148
A14: Alternative B S+ | B14: ='SEPERATIONMEASURES '!B30 -> 0.24360862 | C14: ='RELATIVE CLOSENESS'!D3 -> 0.4610708
A15: Alternative B S- | B15: ='SEPERATIONMEASURES '!C30 -> 0.2084148 | C15: ='RELATIVE CLOSENESS'!C4 -> 0.27004236
A16: Alternative C S+ | B16: ='SEPERATIONMEASURES '!B31 -> 0.23093854 | C16: ='RELATIVE CLOSENESS'!D4 -> 0.53902725
A17: Alternative C S- | B17: ='SEPERATIONMEASURES '!C31 -> 0.27004236
A18: Consistency Ratio | B18: ='CONSISTENCY CHECK'!B25 -> 5.4209884e-08 | C18: ='CONSISTENCY CHECK'!B25 -> 5.4209884e-08
A19: Consistency Status | B19: ='CONSISTENCY CHECK'!B26 -> CONSISTENT | C19: ='CONSISTENCY CHECK'!B26 -> CONSISTENT
A20: Technical AHP Weight | B20: =EIGENVECTOR!B13 -> 0.47354697 | C20: =EIGENVECTOR!B13 -> 0.47354697
A21: Operational AHP Weight | B21: =EIGENVECTOR!B14 -> 0.2084713 | C21: =EIGENVECTOR!B14 -> 0.2084713
A22: Environmental AHP Weight | B22: =EIGENVECTOR!B15 -> 0.15621469 | C22: =EIGENVECTOR!B15 -> 0.15621469
A23: Financial AHP Weight | B23: =EIGENVECTOR!B16 -> 0.10434934 | C23: =EIGENVECTOR!B16 -> 0.10434934
A24: Regulatory AHP Weight | B24: =EIGENVECTOR!B17 -> 0.057417699 | C24: =EIGENVECTOR!B17 -> 0.057417699

Sheet MODEL NOTES
A1: ENGINEERAI DSS MODEL NOTE
A3: Excel calculation engine | B3: Excel remains the AHP-TOPSIS calculation engine. Node.js only writes CHATBOT_INPUT and reads CHATBOT_OUTPUT.
A4: Established AHP weights | B4: The AHP pairwise matrix is aligned to the established validated DSS weights already used by the working EngineerAI DSS.
A5: Raw expert data | B5: The original expert questionnaire responses are preserved unchanged in RAW for audit/reference.
A6: Why AHP PAIRWISE was repaired | B6: The legacy averaged pairwise matrix contained inconsistent judgments and a corrupted normalized cell. The operational AHP matrix is now mathematically consistent with the established weights, while the original questionnaire data remain preserved in RAW.
A7: Chatbot inputs | B7: CHATBOT_INPUT contains the 18 TOPSIS criteria and three alternatives. Users do not repeat the expert AHP questionnaire.
